# Black_keys_Cube - extracted from midikeyboard.obj (desk copy)
# transform: mx=-bz, my=+bx, mz=+by; translate=(0.2336, 0, -0.9868)
o Black_keys_Cube
v 0.171692 -0.121692 0.025868
v 0.171692 -0.122552 0.024929
v 0.171692 -0.121707 0.025578
v 0.171692 -0.121816 0.025316
v 0.171692 -0.122006 0.025108
v 0.171692 -0.122260 0.024975
v 0.171692 -0.123804 0.036404
v 0.171692 -0.122738 0.035466
v 0.171692 -0.123501 0.036358
v 0.171692 -0.123218 0.036225
v 0.171692 -0.122982 0.036017
v 0.171692 -0.122817 0.035756
v 0.171692 -0.130324 0.024929
v 0.171692 -0.131184 0.025868
v 0.171692 -0.130616 0.024975
v 0.171692 -0.130870 0.025108
v 0.171692 -0.131060 0.025316
v 0.171692 -0.131169 0.025578
v 0.171692 -0.130137 0.035466
v 0.171692 -0.129072 0.036404
v 0.171692 -0.130059 0.035756
v 0.171692 -0.129893 0.036017
v 0.171692 -0.129658 0.036225
v 0.171692 -0.129375 0.036358
v 0.180965 -0.122552 0.024929
v 0.181987 -0.122661 0.025873
v 0.180965 -0.121692 0.025868
v 0.181281 -0.122558 0.024976
v 0.181566 -0.122574 0.025110
v 0.180965 -0.122259 0.024974
v 0.181291 -0.122258 0.025030
v 0.181552 -0.122283 0.025156
v 0.180965 -0.122005 0.025107
v 0.181280 -0.122024 0.025156
v 0.181506 -0.122078 0.025246
v 0.181937 -0.122362 0.025872
v 0.181792 -0.122093 0.025871
v 0.181937 -0.122628 0.025582
v 0.181878 -0.122319 0.025573
v 0.181741 -0.122073 0.025582
v 0.181792 -0.122598 0.025319
v 0.181740 -0.122302 0.025331
v 0.181643 -0.122093 0.025372
v 0.180965 -0.121707 0.025577
v 0.180965 -0.121814 0.025315
v 0.181281 -0.121740 0.025869
v 0.181290 -0.121762 0.025568
v 0.181279 -0.121865 0.025329
v 0.181566 -0.121878 0.025870
v 0.181553 -0.121895 0.025580
v 0.181506 -0.121963 0.025372
v 0.180965 -0.123804 0.036404
v 0.180965 -0.122738 0.035466
v 0.181987 -0.123706 0.035460
v 0.180965 -0.123500 0.036359
v 0.180965 -0.123217 0.036226
v 0.181281 -0.123799 0.036358
v 0.181290 -0.123486 0.036304
v 0.181279 -0.123226 0.036178
v 0.181566 -0.123786 0.036223
v 0.181553 -0.123484 0.036176
v 0.181506 -0.123261 0.036088
v 0.181281 -0.122786 0.035465
v 0.181566 -0.122924 0.035464
v 0.180965 -0.122817 0.035756
v 0.181291 -0.122874 0.035763
v 0.181552 -0.123003 0.035752
v 0.180965 -0.122981 0.036018
v 0.181280 -0.123030 0.036005
v 0.181506 -0.123118 0.035961
v 0.181937 -0.123737 0.035751
v 0.181792 -0.123764 0.036014
v 0.181937 -0.123408 0.035461
v 0.181878 -0.123431 0.035762
v 0.181741 -0.123467 0.036002
v 0.181792 -0.123138 0.035462
v 0.181740 -0.123182 0.035752
v 0.181643 -0.123247 0.035961
v 0.180965 -0.130324 0.024929
v 0.180965 -0.131184 0.025868
v 0.181987 -0.130215 0.025873
v 0.180965 -0.130617 0.024974
v 0.180965 -0.130871 0.025107
v 0.181281 -0.130318 0.024976
v 0.181290 -0.130620 0.025030
v 0.181279 -0.130852 0.025155
v 0.181566 -0.130302 0.025110
v 0.181553 -0.130594 0.025157
v 0.181506 -0.130798 0.025246
v 0.181281 -0.131136 0.025869
v 0.181566 -0.130998 0.025870
v 0.180965 -0.131169 0.025577
v 0.181291 -0.131113 0.025570
v 0.181552 -0.130982 0.025581
v 0.180965 -0.131062 0.025315
v 0.181280 -0.131010 0.025328
v 0.181506 -0.130913 0.025372
v 0.181937 -0.130248 0.025582
v 0.181792 -0.130278 0.025319
v 0.181937 -0.130514 0.025872
v 0.181878 -0.130556 0.025571
v 0.181741 -0.130573 0.025331
v 0.181792 -0.130783 0.025871
v 0.181740 -0.130803 0.025581
v 0.181643 -0.130783 0.025372
v 0.180965 -0.129072 0.036404
v 0.181987 -0.129170 0.035460
v 0.180965 -0.130137 0.035466
v 0.181281 -0.129077 0.036358
v 0.181566 -0.129090 0.036223
v 0.180965 -0.129376 0.036359
v 0.181291 -0.129388 0.036304
v 0.181552 -0.129391 0.036177
v 0.180965 -0.129659 0.036226
v 0.181280 -0.129650 0.036178
v 0.181506 -0.129615 0.036088
v 0.181937 -0.129468 0.035461
v 0.181792 -0.129737 0.035462
v 0.181937 -0.129139 0.035751
v 0.181878 -0.129446 0.035760
v 0.181741 -0.129694 0.035751
v 0.181792 -0.129112 0.036014
v 0.181740 -0.129410 0.036003
v 0.181643 -0.129628 0.035961
v 0.180965 -0.130059 0.035756
v 0.180965 -0.129894 0.036018
v 0.181281 -0.130089 0.035465
v 0.181290 -0.130002 0.035765
v 0.181279 -0.129847 0.036005
v 0.181566 -0.129952 0.035464
v 0.181553 -0.129872 0.035753
v 0.181506 -0.129758 0.035961
v 0.117504 -0.130324 0.024929
v 0.116741 -0.130219 0.025842
v 0.117804 -0.131184 0.025868
v 0.117196 -0.130318 0.024970
v 0.116945 -0.130303 0.025098
v 0.117524 -0.130617 0.024978
v 0.117208 -0.130618 0.025028
v 0.116979 -0.130594 0.025149
v 0.117570 -0.130870 0.025113
v 0.117263 -0.130852 0.025156
v 0.117057 -0.130798 0.025241
v 0.116798 -0.130517 0.025847
v 0.116952 -0.130786 0.025852
v 0.116705 -0.130251 0.025557
v 0.116770 -0.130559 0.025554
v 0.116918 -0.130804 0.025568
v 0.116776 -0.130280 0.025300
v 0.116839 -0.130575 0.025317
v 0.116955 -0.130784 0.025363
v 0.117717 -0.131169 0.025581
v 0.117636 -0.131061 0.025321
v 0.117481 -0.131136 0.025863
v 0.117382 -0.131114 0.025567
v 0.117319 -0.131011 0.025329
v 0.117187 -0.130999 0.025858
v 0.117114 -0.130982 0.025572
v 0.117098 -0.130914 0.025367
v 0.117504 -0.122552 0.024929
v 0.117804 -0.121692 0.025868
v 0.116741 -0.122657 0.025842
v 0.117524 -0.122259 0.024978
v 0.117570 -0.122005 0.025113
v 0.117196 -0.122558 0.024970
v 0.117210 -0.122256 0.025028
v 0.117263 -0.122024 0.025155
v 0.116945 -0.122573 0.025098
v 0.116979 -0.122281 0.025149
v 0.117057 -0.122078 0.025241
v 0.117481 -0.121739 0.025863
v 0.117187 -0.121877 0.025858
v 0.117717 -0.121707 0.025581
v 0.117380 -0.121762 0.025568
v 0.117115 -0.121893 0.025573
v 0.117636 -0.121815 0.025321
v 0.117318 -0.121866 0.025329
v 0.117098 -0.121962 0.025367
v 0.116705 -0.122625 0.025557
v 0.116776 -0.122596 0.025300
v 0.116798 -0.122359 0.025847
v 0.116770 -0.122318 0.025552
v 0.116838 -0.122301 0.025318
v 0.116952 -0.122090 0.025852
v 0.116919 -0.122071 0.025568
v 0.116955 -0.122092 0.025363
v 0.120518 -0.122738 0.035466
v 0.120749 -0.123804 0.036404
v 0.119469 -0.123709 0.035491
v 0.120593 -0.122816 0.035753
v 0.120659 -0.122981 0.036012
v 0.120197 -0.122787 0.035470
v 0.120266 -0.122874 0.035766
v 0.120337 -0.123029 0.036004
v 0.119907 -0.122925 0.035475
v 0.119995 -0.123005 0.035761
v 0.120095 -0.123118 0.035967
v 0.120417 -0.123800 0.036363
v 0.120094 -0.123787 0.036235
v 0.120742 -0.123500 0.036355
v 0.120397 -0.123488 0.036305
v 0.120100 -0.123485 0.036185
v 0.120711 -0.123217 0.036220
v 0.120379 -0.123225 0.036177
v 0.120126 -0.123261 0.036093
v 0.119524 -0.123410 0.035486
v 0.119675 -0.123140 0.035481
v 0.119595 -0.123739 0.035777
v 0.119662 -0.123431 0.035779
v 0.119801 -0.123183 0.035765
v 0.119811 -0.123766 0.036033
v 0.119864 -0.123467 0.036016
v 0.119954 -0.123248 0.035970
v 0.120749 -0.129072 0.036404
v 0.120518 -0.130137 0.035466
v 0.119469 -0.129167 0.035491
v 0.120742 -0.129376 0.036355
v 0.120711 -0.129659 0.036220
v 0.120417 -0.129076 0.036363
v 0.120399 -0.129390 0.036305
v 0.120380 -0.129650 0.036178
v 0.120094 -0.129089 0.036235
v 0.120099 -0.129391 0.036184
v 0.120126 -0.129615 0.036093
v 0.120197 -0.130089 0.035470
v 0.119907 -0.129951 0.035475
v 0.120593 -0.130060 0.035753
v 0.120264 -0.130002 0.035765
v 0.119995 -0.129872 0.035760
v 0.120659 -0.129895 0.036012
v 0.120337 -0.129846 0.036005
v 0.120095 -0.129758 0.035967
v 0.119595 -0.129137 0.035777
v 0.119811 -0.129110 0.036033
v 0.119524 -0.129466 0.035486
v 0.119662 -0.129443 0.035781
v 0.119863 -0.129408 0.036016
v 0.119675 -0.129736 0.035481
v 0.119802 -0.129693 0.035766
v 0.119954 -0.129628 0.035970
v 0.171692 -0.102298 0.025868
v 0.171692 -0.103158 0.024929
v 0.171692 -0.102313 0.025578
v 0.171692 -0.102422 0.025316
v 0.171692 -0.102612 0.025108
v 0.171692 -0.102866 0.024975
v 0.171692 -0.104410 0.036404
v 0.171692 -0.103345 0.035466
v 0.171692 -0.104107 0.036358
v 0.171692 -0.103824 0.036225
v 0.171692 -0.103589 0.036017
v 0.171692 -0.103423 0.035756
v 0.171692 -0.110930 0.024929
v 0.171692 -0.111790 0.025868
v 0.171692 -0.111222 0.024975
v 0.171692 -0.111476 0.025108
v 0.171692 -0.111666 0.025316
v 0.171692 -0.111775 0.025578
v 0.171692 -0.110744 0.035466
v 0.171692 -0.109679 0.036404
v 0.171692 -0.110665 0.035756
v 0.171692 -0.110500 0.036017
v 0.171692 -0.110264 0.036225
v 0.171692 -0.109981 0.036358
v 0.180965 -0.103158 0.024929
v 0.181987 -0.103267 0.025873
v 0.180965 -0.102298 0.025868
v 0.181281 -0.103164 0.024976
v 0.181566 -0.103180 0.025110
v 0.180965 -0.102865 0.024974
v 0.181291 -0.102864 0.025030
v 0.181552 -0.102889 0.025156
v 0.180965 -0.102611 0.025107
v 0.181280 -0.102630 0.025156
v 0.181506 -0.102684 0.025246
v 0.181937 -0.102968 0.025872
v 0.181792 -0.102699 0.025871
v 0.181937 -0.103234 0.025582
v 0.181878 -0.102925 0.025573
v 0.181741 -0.102679 0.025582
v 0.181792 -0.103204 0.025319
v 0.181740 -0.102908 0.025331
v 0.181643 -0.102699 0.025372
v 0.180965 -0.102313 0.025577
v 0.180965 -0.102420 0.025315
v 0.181281 -0.102346 0.025869
v 0.181290 -0.102369 0.025568
v 0.181279 -0.102471 0.025329
v 0.181566 -0.102484 0.025870
v 0.181553 -0.102501 0.025580
v 0.181506 -0.102569 0.025372
v 0.180965 -0.104410 0.036404
v 0.180965 -0.103345 0.035466
v 0.181987 -0.104312 0.035460
v 0.180965 -0.104106 0.036359
v 0.180965 -0.103823 0.036226
v 0.181281 -0.104406 0.036358
v 0.181290 -0.104092 0.036304
v 0.181279 -0.103832 0.036178
v 0.181566 -0.104392 0.036223
v 0.181553 -0.104090 0.036176
v 0.181506 -0.103867 0.036088
v 0.181281 -0.103393 0.035465
v 0.181566 -0.103530 0.035464
v 0.180965 -0.103423 0.035756
v 0.181291 -0.103480 0.035763
v 0.181552 -0.103609 0.035752
v 0.180965 -0.103588 0.036018
v 0.181280 -0.103636 0.036005
v 0.181506 -0.103724 0.035961
v 0.181937 -0.104343 0.035751
v 0.181792 -0.104370 0.036014
v 0.181937 -0.104014 0.035461
v 0.181878 -0.104038 0.035762
v 0.181741 -0.104073 0.036002
v 0.181792 -0.103745 0.035462
v 0.181740 -0.103788 0.035752
v 0.181643 -0.103854 0.035961
v 0.180965 -0.110930 0.024929
v 0.180965 -0.111790 0.025868
v 0.181987 -0.110821 0.025873
v 0.180965 -0.111223 0.024974
v 0.180965 -0.111477 0.025107
v 0.181281 -0.110924 0.024976
v 0.181290 -0.111226 0.025030
v 0.181279 -0.111458 0.025155
v 0.181566 -0.110908 0.025110
v 0.181553 -0.111200 0.025157
v 0.181506 -0.111404 0.025246
v 0.181281 -0.111742 0.025869
v 0.181566 -0.111604 0.025870
v 0.180965 -0.111775 0.025577
v 0.181291 -0.111719 0.025570
v 0.181552 -0.111588 0.025581
v 0.180965 -0.111668 0.025315
v 0.181280 -0.111616 0.025328
v 0.181506 -0.111519 0.025372
v 0.181937 -0.110854 0.025582
v 0.181792 -0.110884 0.025319
v 0.181937 -0.111120 0.025872
v 0.181878 -0.111162 0.025571
v 0.181741 -0.111179 0.025331
v 0.181792 -0.111390 0.025871
v 0.181740 -0.111410 0.025581
v 0.181643 -0.111389 0.025372
v 0.180965 -0.109679 0.036404
v 0.181987 -0.109776 0.035460
v 0.180965 -0.110744 0.035466
v 0.181281 -0.109683 0.036358
v 0.181566 -0.109696 0.036223
v 0.180965 -0.109982 0.036359
v 0.181291 -0.109995 0.036304
v 0.181552 -0.109997 0.036177
v 0.180965 -0.110265 0.036226
v 0.181280 -0.110257 0.036178
v 0.181506 -0.110222 0.036088
v 0.181937 -0.110074 0.035461
v 0.181792 -0.110344 0.035462
v 0.181937 -0.109745 0.035751
v 0.181878 -0.110052 0.035760
v 0.181741 -0.110300 0.035751
v 0.181792 -0.109718 0.036014
v 0.181740 -0.110016 0.036003
v 0.181643 -0.110235 0.035961
v 0.180965 -0.110665 0.035756
v 0.180965 -0.110501 0.036018
v 0.181281 -0.110696 0.035465
v 0.181290 -0.110608 0.035765
v 0.181279 -0.110453 0.036005
v 0.181566 -0.110558 0.035464
v 0.181553 -0.110478 0.035753
v 0.181506 -0.110365 0.035961
v 0.117504 -0.110930 0.024929
v 0.116741 -0.110825 0.025842
v 0.117804 -0.111790 0.025868
v 0.117196 -0.110924 0.024970
v 0.116945 -0.110909 0.025098
v 0.117524 -0.111223 0.024978
v 0.117208 -0.111224 0.025028
v 0.116979 -0.111200 0.025149
v 0.117570 -0.111477 0.025113
v 0.117263 -0.111458 0.025156
v 0.117057 -0.111404 0.025241
v 0.116798 -0.111123 0.025847
v 0.116952 -0.111392 0.025852
v 0.116705 -0.110857 0.025557
v 0.116770 -0.111166 0.025554
v 0.116918 -0.111411 0.025568
v 0.116776 -0.110886 0.025300
v 0.116839 -0.111182 0.025317
v 0.116955 -0.111390 0.025363
v 0.117717 -0.111775 0.025581
v 0.117636 -0.111667 0.025321
v 0.117481 -0.111743 0.025863
v 0.117382 -0.111720 0.025567
v 0.117319 -0.111617 0.025329
v 0.117187 -0.111605 0.025858
v 0.117114 -0.111588 0.025572
v 0.117098 -0.111520 0.025367
v 0.117504 -0.103158 0.024929
v 0.117804 -0.102298 0.025868
v 0.116741 -0.103263 0.025842
v 0.117524 -0.102865 0.024978
v 0.117570 -0.102612 0.025113
v 0.117196 -0.103164 0.024970
v 0.117210 -0.102862 0.025028
v 0.117263 -0.102630 0.025155
v 0.116945 -0.103179 0.025098
v 0.116979 -0.102887 0.025149
v 0.117057 -0.102684 0.025241
v 0.117481 -0.102346 0.025863
v 0.117187 -0.102483 0.025858
v 0.117717 -0.102313 0.025581
v 0.117380 -0.102369 0.025568
v 0.117115 -0.102499 0.025573
v 0.117636 -0.102421 0.025321
v 0.117318 -0.102472 0.025329
v 0.117098 -0.102568 0.025367
v 0.116705 -0.103231 0.025557
v 0.116776 -0.103202 0.025300
v 0.116798 -0.102965 0.025847
v 0.116770 -0.102924 0.025552
v 0.116838 -0.102907 0.025318
v 0.116952 -0.102696 0.025852
v 0.116919 -0.102677 0.025568
v 0.116955 -0.102698 0.025363
v 0.120518 -0.103345 0.035466
v 0.120749 -0.104410 0.036404
v 0.119469 -0.104315 0.035491
v 0.120593 -0.103422 0.035753
v 0.120659 -0.103587 0.036012
v 0.120197 -0.103393 0.035470
v 0.120266 -0.103481 0.035766
v 0.120337 -0.103635 0.036004
v 0.119907 -0.103531 0.035475
v 0.119995 -0.103611 0.035761
v 0.120095 -0.103724 0.035967
v 0.120417 -0.104406 0.036363
v 0.120094 -0.104393 0.036235
v 0.120742 -0.104106 0.036355
v 0.120397 -0.104094 0.036305
v 0.120100 -0.104092 0.036185
v 0.120711 -0.103823 0.036220
v 0.120379 -0.103832 0.036177
v 0.120126 -0.103867 0.036093
v 0.119524 -0.104016 0.035486
v 0.119675 -0.103746 0.035481
v 0.119595 -0.104345 0.035777
v 0.119662 -0.104038 0.035779
v 0.119801 -0.103789 0.035765
v 0.119811 -0.104372 0.036033
v 0.119864 -0.104073 0.036016
v 0.119954 -0.103854 0.035970
v 0.120749 -0.109679 0.036404
v 0.120518 -0.110744 0.035466
v 0.119469 -0.109773 0.035491
v 0.120742 -0.109982 0.036355
v 0.120711 -0.110265 0.036220
v 0.120417 -0.109682 0.036363
v 0.120399 -0.109996 0.036305
v 0.120380 -0.110256 0.036178
v 0.120094 -0.109695 0.036235
v 0.120099 -0.109997 0.036184
v 0.120126 -0.110221 0.036093
v 0.120197 -0.110695 0.035470
v 0.119907 -0.110557 0.035475
v 0.120593 -0.110666 0.035753
v 0.120264 -0.110608 0.035765
v 0.119995 -0.110478 0.035760
v 0.120659 -0.110501 0.036012
v 0.120337 -0.110452 0.036005
v 0.120095 -0.110364 0.035967
v 0.119595 -0.109743 0.035777
v 0.119811 -0.109716 0.036033
v 0.119524 -0.110072 0.035486
v 0.119662 -0.110049 0.035781
v 0.119863 -0.110014 0.036016
v 0.119675 -0.110342 0.035481
v 0.119802 -0.110299 0.035766
v 0.119954 -0.110234 0.035970
v 0.171692 -0.063510 0.025868
v 0.171692 -0.064371 0.024929
v 0.171692 -0.063526 0.025578
v 0.171692 -0.063634 0.025316
v 0.171692 -0.063824 0.025108
v 0.171692 -0.064078 0.024975
v 0.171692 -0.065622 0.036404
v 0.171692 -0.064557 0.035466
v 0.171692 -0.065319 0.036358
v 0.171692 -0.065036 0.036225
v 0.171692 -0.064801 0.036017
v 0.171692 -0.064636 0.035756
v 0.171692 -0.072142 0.024929
v 0.171692 -0.073002 0.025868
v 0.171692 -0.072435 0.024975
v 0.171692 -0.072688 0.025108
v 0.171692 -0.072879 0.025316
v 0.171692 -0.072987 0.025578
v 0.171692 -0.071956 0.035466
v 0.171692 -0.070891 0.036404
v 0.171692 -0.071877 0.035756
v 0.171692 -0.071712 0.036017
v 0.171692 -0.071476 0.036225
v 0.171692 -0.071193 0.036358
v 0.180965 -0.064371 0.024929
v 0.181987 -0.064479 0.025873
v 0.180965 -0.063510 0.025868
v 0.181281 -0.064377 0.024976
v 0.181566 -0.064392 0.025110
v 0.180965 -0.064077 0.024974
v 0.181291 -0.064076 0.025030
v 0.181552 -0.064101 0.025156
v 0.180965 -0.063823 0.025107
v 0.181280 -0.063842 0.025156
v 0.181506 -0.063897 0.025246
v 0.181937 -0.064180 0.025872
v 0.181792 -0.063911 0.025871
v 0.181937 -0.064446 0.025582
v 0.181878 -0.064137 0.025573
v 0.181741 -0.063891 0.025582
v 0.181792 -0.064416 0.025319
v 0.181740 -0.064121 0.025331
v 0.181643 -0.063911 0.025372
v 0.180965 -0.063525 0.025577
v 0.180965 -0.063633 0.025315
v 0.181281 -0.063558 0.025869
v 0.181290 -0.063581 0.025568
v 0.181279 -0.063683 0.025329
v 0.181566 -0.063696 0.025870
v 0.181553 -0.063713 0.025580
v 0.181506 -0.063781 0.025372
v 0.180965 -0.065622 0.036404
v 0.180965 -0.064557 0.035466
v 0.181987 -0.065524 0.035460
v 0.180965 -0.065319 0.036359
v 0.180965 -0.065036 0.036226
v 0.181281 -0.065618 0.036358
v 0.181290 -0.065304 0.036304
v 0.181279 -0.065044 0.036178
v 0.181566 -0.065604 0.036223
v 0.181553 -0.065302 0.036176
v 0.181506 -0.065079 0.036088
v 0.181281 -0.064605 0.035465
v 0.181566 -0.064743 0.035464
v 0.180965 -0.064635 0.035756
v 0.181291 -0.064693 0.035763
v 0.181552 -0.064821 0.035752
v 0.180965 -0.064800 0.036018
v 0.181280 -0.064848 0.036005
v 0.181506 -0.064936 0.035961
v 0.181937 -0.065555 0.035751
v 0.181792 -0.065583 0.036014
v 0.181937 -0.065226 0.035461
v 0.181878 -0.065250 0.035762
v 0.181741 -0.065285 0.036002
v 0.181792 -0.064957 0.035462
v 0.181740 -0.065000 0.035752
v 0.181643 -0.065066 0.035961
v 0.180965 -0.072142 0.024929
v 0.180965 -0.073002 0.025868
v 0.181987 -0.072034 0.025873
v 0.180965 -0.072435 0.024974
v 0.180965 -0.072690 0.025107
v 0.181281 -0.072136 0.024976
v 0.181290 -0.072438 0.025030
v 0.181279 -0.072670 0.025155
v 0.181566 -0.072120 0.025110
v 0.181553 -0.072412 0.025157
v 0.181506 -0.072616 0.025246
v 0.181281 -0.072954 0.025869
v 0.181566 -0.072816 0.025870
v 0.180965 -0.072988 0.025577
v 0.181291 -0.072932 0.025570
v 0.181552 -0.072800 0.025581
v 0.180965 -0.072880 0.025315
v 0.181280 -0.072829 0.025328
v 0.181506 -0.072732 0.025372
v 0.181937 -0.072066 0.025582
v 0.181792 -0.072096 0.025319
v 0.181937 -0.072332 0.025872
v 0.181878 -0.072374 0.025571
v 0.181741 -0.072391 0.025331
v 0.181792 -0.072602 0.025871
v 0.181740 -0.072622 0.025581
v 0.181643 -0.072601 0.025372
v 0.180965 -0.070891 0.036404
v 0.181987 -0.070988 0.035460
v 0.180965 -0.071956 0.035466
v 0.181281 -0.070895 0.036358
v 0.181566 -0.070908 0.036223
v 0.180965 -0.071194 0.036359
v 0.181291 -0.071207 0.036304
v 0.181552 -0.071210 0.036177
v 0.180965 -0.071477 0.036226
v 0.181280 -0.071469 0.036178
v 0.181506 -0.071434 0.036088
v 0.181937 -0.071287 0.035461
v 0.181792 -0.071556 0.035462
v 0.181937 -0.070957 0.035751
v 0.181878 -0.071265 0.035760
v 0.181741 -0.071512 0.035751
v 0.181792 -0.070930 0.036014
v 0.181740 -0.071228 0.036003
v 0.181643 -0.071447 0.035961
v 0.180965 -0.071878 0.035756
v 0.180965 -0.071713 0.036018
v 0.181281 -0.071908 0.035465
v 0.181290 -0.071820 0.035765
v 0.181279 -0.071665 0.036005
v 0.181566 -0.071770 0.035464
v 0.181553 -0.071690 0.035753
v 0.181506 -0.071577 0.035961
v 0.117504 -0.072142 0.024929
v 0.116741 -0.072037 0.025842
v 0.117804 -0.073002 0.025868
v 0.117196 -0.072137 0.024970
v 0.116945 -0.072122 0.025098
v 0.117524 -0.072435 0.024978
v 0.117208 -0.072436 0.025028
v 0.116979 -0.072412 0.025149
v 0.117570 -0.072689 0.025113
v 0.117263 -0.072671 0.025156
v 0.117057 -0.072617 0.025241
v 0.116798 -0.072335 0.025847
v 0.116952 -0.072604 0.025852
v 0.116705 -0.072069 0.025557
v 0.116770 -0.072378 0.025554
v 0.116918 -0.072623 0.025568
v 0.116776 -0.072098 0.025300
v 0.116839 -0.072394 0.025317
v 0.116955 -0.072603 0.025363
v 0.117717 -0.072987 0.025581
v 0.117636 -0.072879 0.025321
v 0.117481 -0.072955 0.025863
v 0.117382 -0.072932 0.025567
v 0.117319 -0.072829 0.025329
v 0.117187 -0.072818 0.025858
v 0.117114 -0.072801 0.025572
v 0.117098 -0.072732 0.025367
v 0.117504 -0.064371 0.024929
v 0.117804 -0.063510 0.025868
v 0.116741 -0.064475 0.025842
v 0.117524 -0.064078 0.024978
v 0.117570 -0.063824 0.025113
v 0.117196 -0.064376 0.024970
v 0.117210 -0.064074 0.025028
v 0.117263 -0.063842 0.025155
v 0.116945 -0.064391 0.025098
v 0.116979 -0.064100 0.025149
v 0.117057 -0.063896 0.025241
v 0.117481 -0.063558 0.025863
v 0.117187 -0.063695 0.025858
v 0.117717 -0.063525 0.025581
v 0.117380 -0.063581 0.025568
v 0.117115 -0.063711 0.025573
v 0.117636 -0.063633 0.025321
v 0.117318 -0.063684 0.025329
v 0.117098 -0.063781 0.025367
v 0.116705 -0.064443 0.025557
v 0.116776 -0.064414 0.025300
v 0.116798 -0.064177 0.025847
v 0.116770 -0.064136 0.025552
v 0.116838 -0.064120 0.025318
v 0.116952 -0.063909 0.025852
v 0.116919 -0.063889 0.025568
v 0.116955 -0.063910 0.025363
v 0.120518 -0.064557 0.035466
v 0.120749 -0.065622 0.036404
v 0.119469 -0.065527 0.035491
v 0.120593 -0.064635 0.035753
v 0.120659 -0.064799 0.036012
v 0.120197 -0.064605 0.035470
v 0.120266 -0.064693 0.035766
v 0.120337 -0.064847 0.036004
v 0.119907 -0.064744 0.035475
v 0.119995 -0.064823 0.035761
v 0.120095 -0.064936 0.035967
v 0.120417 -0.065618 0.036363
v 0.120094 -0.065605 0.036235
v 0.120742 -0.065318 0.036355
v 0.120397 -0.065306 0.036305
v 0.120100 -0.065304 0.036185
v 0.120711 -0.065035 0.036220
v 0.120379 -0.065044 0.036177
v 0.120126 -0.065079 0.036093
v 0.119524 -0.065228 0.035486
v 0.119675 -0.064959 0.035481
v 0.119595 -0.065558 0.035777
v 0.119662 -0.065250 0.035779
v 0.119801 -0.065002 0.035765
v 0.119811 -0.065585 0.036033
v 0.119864 -0.065286 0.036016
v 0.119954 -0.065067 0.035970
v 0.120749 -0.070891 0.036404
v 0.120518 -0.071956 0.035466
v 0.119469 -0.070985 0.035491
v 0.120742 -0.071194 0.036355
v 0.120711 -0.071478 0.036220
v 0.120417 -0.070894 0.036363
v 0.120399 -0.071208 0.036305
v 0.120380 -0.071468 0.036178
v 0.120094 -0.070907 0.036235
v 0.120099 -0.071210 0.036184
v 0.120126 -0.071433 0.036093
v 0.120197 -0.071907 0.035470
v 0.119907 -0.071769 0.035475
v 0.120593 -0.071878 0.035753
v 0.120264 -0.071820 0.035765
v 0.119995 -0.071690 0.035760
v 0.120659 -0.071713 0.036012
v 0.120337 -0.071664 0.036005
v 0.120095 -0.071576 0.035967
v 0.119595 -0.070955 0.035777
v 0.119811 -0.070928 0.036033
v 0.119524 -0.071284 0.035486
v 0.119662 -0.071261 0.035781
v 0.119863 -0.071226 0.036016
v 0.119675 -0.071554 0.035481
v 0.119802 -0.071511 0.035766
v 0.119954 -0.071446 0.035970
v 0.171692 -0.044116 0.025868
v 0.171692 -0.044977 0.024929
v 0.171692 -0.044132 0.025578
v 0.171692 -0.044240 0.025316
v 0.171692 -0.044430 0.025108
v 0.171692 -0.044684 0.024975
v 0.171692 -0.046228 0.036404
v 0.171692 -0.045163 0.035466
v 0.171692 -0.045926 0.036358
v 0.171692 -0.045643 0.036225
v 0.171692 -0.045407 0.036017
v 0.171692 -0.045242 0.035756
v 0.171692 -0.052748 0.024929
v 0.171692 -0.053609 0.025868
v 0.171692 -0.053041 0.024975
v 0.171692 -0.053295 0.025108
v 0.171692 -0.053485 0.025316
v 0.171692 -0.053593 0.025578
v 0.171692 -0.052562 0.035466
v 0.171692 -0.051497 0.036404
v 0.171692 -0.052483 0.035756
v 0.171692 -0.052318 0.036017
v 0.171692 -0.052082 0.036225
v 0.171692 -0.051799 0.036358
v 0.180965 -0.044977 0.024929
v 0.181987 -0.045085 0.025873
v 0.180965 -0.044116 0.025868
v 0.181281 -0.044983 0.024976
v 0.181566 -0.044999 0.025110
v 0.180965 -0.044683 0.024974
v 0.181291 -0.044683 0.025030
v 0.181552 -0.044707 0.025156
v 0.180965 -0.044429 0.025107
v 0.181280 -0.044448 0.025156
v 0.181506 -0.044503 0.025246
v 0.181937 -0.044787 0.025872
v 0.181792 -0.044517 0.025871
v 0.181937 -0.045052 0.025582
v 0.181878 -0.044743 0.025573
v 0.181741 -0.044498 0.025582
v 0.181792 -0.045023 0.025319
v 0.181740 -0.044727 0.025331
v 0.181643 -0.044517 0.025372
v 0.180965 -0.044131 0.025577
v 0.180965 -0.044239 0.025315
v 0.181281 -0.044165 0.025869
v 0.181290 -0.044187 0.025568
v 0.181279 -0.044289 0.025329
v 0.181566 -0.044303 0.025870
v 0.181553 -0.044319 0.025580
v 0.181506 -0.044387 0.025372
v 0.180965 -0.046228 0.036404
v 0.180965 -0.045163 0.035466
v 0.181987 -0.046131 0.035460
v 0.180965 -0.045925 0.036359
v 0.180965 -0.045642 0.036226
v 0.181281 -0.046224 0.036358
v 0.181290 -0.045910 0.036304
v 0.181279 -0.045651 0.036178
v 0.181566 -0.046210 0.036223
v 0.181553 -0.045908 0.036176
v 0.181506 -0.045685 0.036088
v 0.181281 -0.045211 0.035465
v 0.181566 -0.045349 0.035464
v 0.180965 -0.045241 0.035756
v 0.181291 -0.045299 0.035763
v 0.181552 -0.045428 0.035752
v 0.180965 -0.045406 0.036018
v 0.181280 -0.045454 0.036005
v 0.181506 -0.045542 0.035961
v 0.181937 -0.046161 0.035751
v 0.181792 -0.046189 0.036014
v 0.181937 -0.045832 0.035461
v 0.181878 -0.045856 0.035762
v 0.181741 -0.045891 0.036002
v 0.181792 -0.045563 0.035462
v 0.181740 -0.045606 0.035752
v 0.181643 -0.045672 0.035961
v 0.180965 -0.052748 0.024929
v 0.180965 -0.053609 0.025868
v 0.181987 -0.052640 0.025873
v 0.180965 -0.053042 0.024974
v 0.180965 -0.053296 0.025107
v 0.181281 -0.052742 0.024976
v 0.181290 -0.053044 0.025030
v 0.181279 -0.053276 0.025155
v 0.181566 -0.052726 0.025110
v 0.181553 -0.053018 0.025157
v 0.181506 -0.053222 0.025246
v 0.181281 -0.053560 0.025869
v 0.181566 -0.053422 0.025870
v 0.180965 -0.053594 0.025577
v 0.181291 -0.053538 0.025570
v 0.181552 -0.053406 0.025581
v 0.180965 -0.053486 0.025315
v 0.181280 -0.053435 0.025328
v 0.181506 -0.053338 0.025372
v 0.181937 -0.052673 0.025582
v 0.181792 -0.052702 0.025319
v 0.181937 -0.052938 0.025872
v 0.181878 -0.052980 0.025571
v 0.181741 -0.052997 0.025331
v 0.181792 -0.053208 0.025871
v 0.181740 -0.053228 0.025581
v 0.181643 -0.053208 0.025372
v 0.180965 -0.051497 0.036404
v 0.181987 -0.051594 0.035460
v 0.180965 -0.052562 0.035466
v 0.181281 -0.051501 0.036358
v 0.181566 -0.051515 0.036223
v 0.180965 -0.051800 0.036359
v 0.181291 -0.051813 0.036304
v 0.181552 -0.051816 0.036177
v 0.180965 -0.052083 0.036226
v 0.181280 -0.052075 0.036178
v 0.181506 -0.052040 0.036088
v 0.181937 -0.051893 0.035461
v 0.181792 -0.052162 0.035462
v 0.181937 -0.051564 0.035751
v 0.181878 -0.051871 0.035760
v 0.181741 -0.052118 0.035751
v 0.181792 -0.051536 0.036014
v 0.181740 -0.051835 0.036003
v 0.181643 -0.052053 0.035961
v 0.180965 -0.052484 0.035756
v 0.180965 -0.052319 0.036018
v 0.181281 -0.052514 0.035465
v 0.181290 -0.052426 0.035765
v 0.181279 -0.052271 0.036005
v 0.181566 -0.052376 0.035464
v 0.181553 -0.052297 0.035753
v 0.181506 -0.052183 0.035961
v 0.117504 -0.052748 0.024929
v 0.116741 -0.052643 0.025842
v 0.117804 -0.053609 0.025868
v 0.117196 -0.052743 0.024970
v 0.116945 -0.052728 0.025098
v 0.117524 -0.053041 0.024978
v 0.117208 -0.053043 0.025028
v 0.116979 -0.053018 0.025149
v 0.117570 -0.053295 0.025113
v 0.117263 -0.053277 0.025156
v 0.117057 -0.053223 0.025241
v 0.116798 -0.052941 0.025847
v 0.116952 -0.053210 0.025852
v 0.116705 -0.052676 0.025557
v 0.116770 -0.052984 0.025554
v 0.116918 -0.053229 0.025568
v 0.116776 -0.052705 0.025300
v 0.116839 -0.053000 0.025317
v 0.116955 -0.053209 0.025363
v 0.117717 -0.053593 0.025581
v 0.117636 -0.053485 0.025321
v 0.117481 -0.053561 0.025863
v 0.117382 -0.053538 0.025567
v 0.117319 -0.053435 0.025329
v 0.117187 -0.053424 0.025858
v 0.117114 -0.053407 0.025572
v 0.117098 -0.053338 0.025367
v 0.117504 -0.044977 0.024929
v 0.117804 -0.044116 0.025868
v 0.116741 -0.045081 0.025842
v 0.117524 -0.044684 0.024978
v 0.117570 -0.044430 0.025113
v 0.117196 -0.044982 0.024970
v 0.117210 -0.044681 0.025028
v 0.117263 -0.044449 0.025155
v 0.116945 -0.044997 0.025098
v 0.116979 -0.044706 0.025149
v 0.117057 -0.044502 0.025241
v 0.117481 -0.044164 0.025863
v 0.117187 -0.044301 0.025858
v 0.117717 -0.044132 0.025581
v 0.117380 -0.044187 0.025568
v 0.117115 -0.044318 0.025573
v 0.117636 -0.044240 0.025321
v 0.117318 -0.044290 0.025329
v 0.117098 -0.044387 0.025367
v 0.116705 -0.045049 0.025557
v 0.116776 -0.045020 0.025300
v 0.116798 -0.044783 0.025847
v 0.116770 -0.044742 0.025552
v 0.116838 -0.044726 0.025318
v 0.116952 -0.044515 0.025852
v 0.116919 -0.044495 0.025568
v 0.116955 -0.044516 0.025363
v 0.120518 -0.045163 0.035466
v 0.120749 -0.046228 0.036404
v 0.119469 -0.046134 0.035491
v 0.120593 -0.045241 0.035753
v 0.120659 -0.045405 0.036012
v 0.120197 -0.045212 0.035470
v 0.120266 -0.045299 0.035766
v 0.120337 -0.045454 0.036004
v 0.119907 -0.045350 0.035475
v 0.119995 -0.045429 0.035761
v 0.120095 -0.045543 0.035967
v 0.120417 -0.046224 0.036363
v 0.120094 -0.046212 0.036235
v 0.120742 -0.045924 0.036355
v 0.120397 -0.045912 0.036305
v 0.120100 -0.045910 0.036185
v 0.120711 -0.045641 0.036220
v 0.120379 -0.045650 0.036177
v 0.120126 -0.045686 0.036093
v 0.119524 -0.045835 0.035486
v 0.119675 -0.045565 0.035481
v 0.119595 -0.046164 0.035777
v 0.119662 -0.045856 0.035779
v 0.119801 -0.045608 0.035765
v 0.119811 -0.046191 0.036033
v 0.119864 -0.045892 0.036016
v 0.119954 -0.045673 0.035970
v 0.120749 -0.051497 0.036404
v 0.120518 -0.052562 0.035466
v 0.119469 -0.051591 0.035491
v 0.120742 -0.051800 0.036355
v 0.120711 -0.052084 0.036220
v 0.120417 -0.051500 0.036363
v 0.120399 -0.051815 0.036305
v 0.120380 -0.052074 0.036178
v 0.120094 -0.051513 0.036235
v 0.120099 -0.051816 0.036184
v 0.120126 -0.052039 0.036093
v 0.120197 -0.052513 0.035470
v 0.119907 -0.052375 0.035475
v 0.120593 -0.052484 0.035753
v 0.120264 -0.052426 0.035765
v 0.119995 -0.052297 0.035760
v 0.120659 -0.052320 0.036012
v 0.120337 -0.052271 0.036005
v 0.120095 -0.052182 0.035967
v 0.119595 -0.051561 0.035777
v 0.119811 -0.051534 0.036033
v 0.119524 -0.051890 0.035486
v 0.119662 -0.051867 0.035781
v 0.119863 -0.051832 0.036016
v 0.119675 -0.052160 0.035481
v 0.119802 -0.052118 0.035766
v 0.119954 -0.052052 0.035970
v 0.171692 -0.024722 0.025868
v 0.171692 -0.025583 0.024929
v 0.171692 -0.024738 0.025578
v 0.171692 -0.024846 0.025316
v 0.171692 -0.025037 0.025108
v 0.171692 -0.025290 0.024975
v 0.171692 -0.026834 0.036404
v 0.171692 -0.025769 0.035466
v 0.171692 -0.026532 0.036358
v 0.171692 -0.026249 0.036225
v 0.171692 -0.026013 0.036017
v 0.171692 -0.025848 0.035756
v 0.171692 -0.033354 0.024929
v 0.171692 -0.034215 0.025868
v 0.171692 -0.033647 0.024975
v 0.171692 -0.033901 0.025108
v 0.171692 -0.034091 0.025316
v 0.171692 -0.034199 0.025578
v 0.171692 -0.033168 0.035466
v 0.171692 -0.032103 0.036404
v 0.171692 -0.033089 0.035756
v 0.171692 -0.032924 0.036017
v 0.171692 -0.032688 0.036225
v 0.171692 -0.032406 0.036358
v 0.180965 -0.025583 0.024929
v 0.181987 -0.025691 0.025873
v 0.180965 -0.024722 0.025868
v 0.181281 -0.025589 0.024976
v 0.181566 -0.025605 0.025110
v 0.180965 -0.025289 0.024974
v 0.181291 -0.025289 0.025030
v 0.181552 -0.025314 0.025156
v 0.180965 -0.025035 0.025107
v 0.181280 -0.025054 0.025156
v 0.181506 -0.025109 0.025246
v 0.181937 -0.025393 0.025872
v 0.181792 -0.025123 0.025871
v 0.181937 -0.025659 0.025582
v 0.181878 -0.025349 0.025573
v 0.181741 -0.025104 0.025582
v 0.181792 -0.025629 0.025319
v 0.181740 -0.025333 0.025331
v 0.181643 -0.025123 0.025372
v 0.180965 -0.024737 0.025577
v 0.180965 -0.024845 0.025315
v 0.181281 -0.024771 0.025869
v 0.181290 -0.024793 0.025568
v 0.181279 -0.024896 0.025329
v 0.181566 -0.024909 0.025870
v 0.181553 -0.024925 0.025580
v 0.181506 -0.024993 0.025372
v 0.180965 -0.026834 0.036404
v 0.180965 -0.025769 0.035466
v 0.181987 -0.026737 0.035460
v 0.180965 -0.026531 0.036359
v 0.180965 -0.026248 0.036226
v 0.181281 -0.026830 0.036358
v 0.181290 -0.026516 0.036304
v 0.181279 -0.026257 0.036178
v 0.181566 -0.026817 0.036223
v 0.181553 -0.026514 0.036176
v 0.181506 -0.026291 0.036088
v 0.181281 -0.025817 0.035465
v 0.181566 -0.025955 0.035464
v 0.180965 -0.025847 0.035756
v 0.181291 -0.025905 0.035763
v 0.181552 -0.026034 0.035752
v 0.180965 -0.026012 0.036018
v 0.181280 -0.026061 0.036005
v 0.181506 -0.026148 0.035961
v 0.181937 -0.026767 0.035751
v 0.181792 -0.026795 0.036014
v 0.181937 -0.026438 0.035461
v 0.181878 -0.026462 0.035762
v 0.181741 -0.026497 0.036002
v 0.181792 -0.026169 0.035462
v 0.181740 -0.026212 0.035752
v 0.181643 -0.026278 0.035961
v 0.180965 -0.033354 0.024929
v 0.180965 -0.034215 0.025868
v 0.181987 -0.033246 0.025873
v 0.180965 -0.033648 0.024974
v 0.180965 -0.033902 0.025107
v 0.181281 -0.033348 0.024976
v 0.181290 -0.033650 0.025030
v 0.181279 -0.033882 0.025155
v 0.181566 -0.033332 0.025110
v 0.181553 -0.033624 0.025157
v 0.181506 -0.033828 0.025246
v 0.181281 -0.034166 0.025869
v 0.181566 -0.034029 0.025870
v 0.180965 -0.034200 0.025577
v 0.181291 -0.034144 0.025570
v 0.181552 -0.034013 0.025581
v 0.180965 -0.034092 0.025315
v 0.181280 -0.034041 0.025328
v 0.181506 -0.033944 0.025372
v 0.181937 -0.033279 0.025582
v 0.181792 -0.033308 0.025319
v 0.181937 -0.033545 0.025872
v 0.181878 -0.033586 0.025571
v 0.181741 -0.033604 0.025331
v 0.181792 -0.033814 0.025871
v 0.181740 -0.033834 0.025581
v 0.181643 -0.033814 0.025372
v 0.180965 -0.032103 0.036404
v 0.181987 -0.032200 0.035460
v 0.180965 -0.033168 0.035466
v 0.181281 -0.032107 0.036358
v 0.181566 -0.032121 0.036223
v 0.180965 -0.032406 0.036359
v 0.181291 -0.032419 0.036304
v 0.181552 -0.032422 0.036177
v 0.180965 -0.032689 0.036226
v 0.181280 -0.032681 0.036178
v 0.181506 -0.032646 0.036088
v 0.181937 -0.032499 0.035461
v 0.181792 -0.032768 0.035462
v 0.181937 -0.032170 0.035751
v 0.181878 -0.032477 0.035760
v 0.181741 -0.032725 0.035751
v 0.181792 -0.032142 0.036014
v 0.181740 -0.032441 0.036003
v 0.181643 -0.032659 0.035961
v 0.180965 -0.033090 0.035756
v 0.180965 -0.032925 0.036018
v 0.181281 -0.033120 0.035465
v 0.181290 -0.033032 0.035765
v 0.181279 -0.032877 0.036005
v 0.181566 -0.032982 0.035464
v 0.181553 -0.032903 0.035753
v 0.181506 -0.032789 0.035961
v 0.117504 -0.033354 0.024929
v 0.116741 -0.033250 0.025842
v 0.117804 -0.034215 0.025868
v 0.117196 -0.033349 0.024970
v 0.116945 -0.033334 0.025098
v 0.117524 -0.033647 0.024978
v 0.117208 -0.033649 0.025028
v 0.116979 -0.033625 0.025149
v 0.117570 -0.033901 0.025113
v 0.117263 -0.033883 0.025156
v 0.117057 -0.033829 0.025241
v 0.116798 -0.033548 0.025847
v 0.116952 -0.033816 0.025852
v 0.116705 -0.033282 0.025557
v 0.116770 -0.033590 0.025554
v 0.116918 -0.033835 0.025568
v 0.116776 -0.033311 0.025300
v 0.116839 -0.033606 0.025317
v 0.116955 -0.033815 0.025363
v 0.117717 -0.034199 0.025581
v 0.117636 -0.034092 0.025321
v 0.117481 -0.034167 0.025863
v 0.117382 -0.034144 0.025567
v 0.117319 -0.034042 0.025329
v 0.117187 -0.034030 0.025858
v 0.117114 -0.034013 0.025572
v 0.117098 -0.033944 0.025367
v 0.117504 -0.025583 0.024929
v 0.117804 -0.024723 0.025868
v 0.116741 -0.025688 0.025842
v 0.117524 -0.025290 0.024978
v 0.117570 -0.025036 0.025113
v 0.117196 -0.025588 0.024970
v 0.117210 -0.025287 0.025028
v 0.117263 -0.025055 0.025155
v 0.116945 -0.025603 0.025098
v 0.116979 -0.025312 0.025149
v 0.117057 -0.025108 0.025241
v 0.117481 -0.024770 0.025863
v 0.117187 -0.024907 0.025858
v 0.117717 -0.024738 0.025581
v 0.117380 -0.024793 0.025568
v 0.117115 -0.024924 0.025573
v 0.117636 -0.024846 0.025321
v 0.117318 -0.024896 0.025329
v 0.117098 -0.024993 0.025367
v 0.116705 -0.025656 0.025557
v 0.116776 -0.025626 0.025300
v 0.116798 -0.025390 0.025847
v 0.116770 -0.025349 0.025552
v 0.116838 -0.025332 0.025318
v 0.116952 -0.025121 0.025852
v 0.116919 -0.025102 0.025568
v 0.116955 -0.025122 0.025363
v 0.120518 -0.025769 0.035466
v 0.120749 -0.026834 0.036404
v 0.119469 -0.026740 0.035491
v 0.120593 -0.025847 0.035753
v 0.120659 -0.026011 0.036012
v 0.120197 -0.025818 0.035470
v 0.120266 -0.025905 0.035766
v 0.120337 -0.026060 0.036004
v 0.119907 -0.025956 0.035475
v 0.119995 -0.026035 0.035761
v 0.120095 -0.026149 0.035967
v 0.120417 -0.026831 0.036363
v 0.120094 -0.026818 0.036235
v 0.120742 -0.026531 0.036355
v 0.120397 -0.026518 0.036305
v 0.120100 -0.026516 0.036185
v 0.120711 -0.026247 0.036220
v 0.120379 -0.026256 0.036177
v 0.120126 -0.026292 0.036093
v 0.119524 -0.026441 0.035486
v 0.119675 -0.026171 0.035481
v 0.119595 -0.026770 0.035777
v 0.119662 -0.026462 0.035779
v 0.119801 -0.026214 0.035765
v 0.119811 -0.026797 0.036033
v 0.119864 -0.026498 0.036016
v 0.119954 -0.026279 0.035970
v 0.120749 -0.032103 0.036404
v 0.120518 -0.033168 0.035466
v 0.119469 -0.032197 0.035491
v 0.120742 -0.032407 0.036355
v 0.120711 -0.032690 0.036220
v 0.120417 -0.032107 0.036363
v 0.120399 -0.032421 0.036305
v 0.120380 -0.032681 0.036178
v 0.120094 -0.032119 0.036235
v 0.120099 -0.032422 0.036184
v 0.120126 -0.032646 0.036093
v 0.120197 -0.033120 0.035470
v 0.119907 -0.032981 0.035475
v 0.120593 -0.033090 0.035753
v 0.120264 -0.033032 0.035765
v 0.119995 -0.032903 0.035760
v 0.120659 -0.032926 0.036012
v 0.120337 -0.032877 0.036005
v 0.120095 -0.032789 0.035967
v 0.119595 -0.032167 0.035777
v 0.119811 -0.032140 0.036033
v 0.119524 -0.032496 0.035486
v 0.119662 -0.032473 0.035781
v 0.119863 -0.032439 0.036016
v 0.119675 -0.032766 0.035481
v 0.119802 -0.032724 0.035766
v 0.119954 -0.032658 0.035970
v 0.171692 0.014065 0.025868
v 0.171692 0.013205 0.024929
v 0.171692 0.014050 0.025578
v 0.171692 0.013942 0.025316
v 0.171692 0.013751 0.025108
v 0.171692 0.013497 0.024975
v 0.171692 0.011954 0.036404
v 0.171692 0.013019 0.035466
v 0.171692 0.012256 0.036358
v 0.171692 0.012539 0.036225
v 0.171692 0.012775 0.036017
v 0.171692 0.012940 0.035756
v 0.171692 0.005433 0.024929
v 0.171692 0.004573 0.025868
v 0.171692 0.005141 0.024975
v 0.171692 0.004887 0.025108
v 0.171692 0.004697 0.025316
v 0.171692 0.004589 0.025578
v 0.171692 0.005620 0.035466
v 0.171692 0.006685 0.036404
v 0.171692 0.005698 0.035756
v 0.171692 0.005864 0.036017
v 0.171692 0.006099 0.036225
v 0.171692 0.006382 0.036358
v 0.180965 0.013205 0.024929
v 0.181987 0.013096 0.025873
v 0.180965 0.014065 0.025868
v 0.181281 0.013199 0.024976
v 0.181566 0.013183 0.025110
v 0.180965 0.013498 0.024974
v 0.181291 0.013499 0.025030
v 0.181552 0.013474 0.025156
v 0.180965 0.013752 0.025107
v 0.181280 0.013733 0.025156
v 0.181506 0.013679 0.025246
v 0.181937 0.013395 0.025872
v 0.181792 0.013665 0.025871
v 0.181937 0.013129 0.025582
v 0.181878 0.013438 0.025573
v 0.181741 0.013684 0.025582
v 0.181792 0.013159 0.025319
v 0.181740 0.013455 0.025331
v 0.181643 0.013664 0.025372
v 0.180965 0.014051 0.025577
v 0.180965 0.013943 0.025315
v 0.181281 0.014017 0.025869
v 0.181290 0.013995 0.025568
v 0.181279 0.013892 0.025329
v 0.181566 0.013879 0.025870
v 0.181553 0.013863 0.025580
v 0.181506 0.013794 0.025372
v 0.180965 0.011954 0.036404
v 0.180965 0.013019 0.035466
v 0.181987 0.012051 0.035460
v 0.180965 0.012257 0.036359
v 0.180965 0.012540 0.036226
v 0.181281 0.011958 0.036358
v 0.181290 0.012271 0.036304
v 0.181279 0.012531 0.036178
v 0.181566 0.011971 0.036223
v 0.181553 0.012273 0.036176
v 0.181506 0.012497 0.036088
v 0.181281 0.012971 0.035465
v 0.181566 0.012833 0.035464
v 0.180965 0.012941 0.035756
v 0.181291 0.012883 0.035763
v 0.181552 0.012754 0.035752
v 0.180965 0.012776 0.036018
v 0.181280 0.012727 0.036005
v 0.181506 0.012640 0.035961
v 0.181937 0.012020 0.035751
v 0.181792 0.011993 0.036014
v 0.181937 0.012349 0.035461
v 0.181878 0.012326 0.035762
v 0.181741 0.012291 0.036002
v 0.181792 0.012619 0.035462
v 0.181740 0.012576 0.035752
v 0.181643 0.012510 0.035961
v 0.180965 0.005433 0.024929
v 0.180965 0.004573 0.025868
v 0.181987 0.005542 0.025873
v 0.180965 0.005140 0.024974
v 0.180965 0.004886 0.025107
v 0.181281 0.005439 0.024976
v 0.181290 0.005138 0.025030
v 0.181279 0.004905 0.025155
v 0.181566 0.005455 0.025110
v 0.181553 0.005163 0.025157
v 0.181506 0.004959 0.025246
v 0.181281 0.004621 0.025869
v 0.181566 0.004759 0.025870
v 0.180965 0.004588 0.025577
v 0.181291 0.004644 0.025570
v 0.181552 0.004775 0.025581
v 0.180965 0.004695 0.025315
v 0.181280 0.004747 0.025328
v 0.181506 0.004844 0.025372
v 0.181937 0.005509 0.025582
v 0.181792 0.005479 0.025319
v 0.181937 0.005243 0.025872
v 0.181878 0.005201 0.025571
v 0.181741 0.005184 0.025331
v 0.181792 0.004974 0.025871
v 0.181740 0.004954 0.025581
v 0.181643 0.004974 0.025372
v 0.180965 0.006685 0.036404
v 0.181987 0.006587 0.035460
v 0.180965 0.005620 0.035466
v 0.181281 0.006681 0.036358
v 0.181566 0.006667 0.036223
v 0.180965 0.006382 0.036359
v 0.181291 0.006369 0.036304
v 0.181552 0.006366 0.036177
v 0.180965 0.006098 0.036226
v 0.181280 0.006107 0.036178
v 0.181506 0.006142 0.036088
v 0.181937 0.006289 0.035461
v 0.181792 0.006020 0.035462
v 0.181937 0.006618 0.035751
v 0.181878 0.006311 0.035760
v 0.181741 0.006063 0.035751
v 0.181792 0.006646 0.036014
v 0.181740 0.006347 0.036003
v 0.181643 0.006129 0.035961
v 0.180965 0.005698 0.035756
v 0.180965 0.005863 0.036018
v 0.181281 0.005668 0.035465
v 0.181290 0.005756 0.035765
v 0.181279 0.005910 0.036005
v 0.181566 0.005805 0.035464
v 0.181553 0.005885 0.035753
v 0.181506 0.005999 0.035961
v 0.117504 0.005433 0.024929
v 0.116741 0.005538 0.025842
v 0.117804 0.004573 0.025868
v 0.117196 0.005439 0.024970
v 0.116945 0.005454 0.025098
v 0.117524 0.005141 0.024978
v 0.117208 0.005139 0.025028
v 0.116979 0.005163 0.025149
v 0.117570 0.004887 0.025113
v 0.117263 0.004905 0.025156
v 0.117057 0.004959 0.025241
v 0.116798 0.005240 0.025847
v 0.116952 0.004971 0.025852
v 0.116705 0.005506 0.025557
v 0.116770 0.005198 0.025554
v 0.116918 0.004953 0.025568
v 0.116776 0.005477 0.025300
v 0.116839 0.005182 0.025317
v 0.116955 0.004973 0.025363
v 0.117717 0.004588 0.025581
v 0.117636 0.004696 0.025321
v 0.117481 0.004621 0.025863
v 0.117382 0.004643 0.025567
v 0.117319 0.004746 0.025329
v 0.117187 0.004758 0.025858
v 0.117114 0.004775 0.025572
v 0.117098 0.004843 0.025367
v 0.117504 0.013205 0.024929
v 0.117804 0.014065 0.025868
v 0.116741 0.013100 0.025842
v 0.117524 0.013498 0.024978
v 0.117570 0.013752 0.025113
v 0.117196 0.013199 0.024970
v 0.117210 0.013501 0.025028
v 0.117263 0.013733 0.025155
v 0.116945 0.013184 0.025098
v 0.116979 0.013476 0.025149
v 0.117057 0.013679 0.025241
v 0.117481 0.014018 0.025863
v 0.117187 0.013881 0.025858
v 0.117717 0.014050 0.025581
v 0.117380 0.013995 0.025568
v 0.117115 0.013864 0.025573
v 0.117636 0.013942 0.025321
v 0.117318 0.013891 0.025329
v 0.117098 0.013795 0.025367
v 0.116705 0.013132 0.025557
v 0.116776 0.013161 0.025300
v 0.116798 0.013398 0.025847
v 0.116770 0.013439 0.025552
v 0.116838 0.013456 0.025318
v 0.116952 0.013667 0.025852
v 0.116919 0.013686 0.025568
v 0.116955 0.013665 0.025363
v 0.120518 0.013019 0.035466
v 0.120749 0.011954 0.036404
v 0.119469 0.012048 0.035491
v 0.120593 0.012941 0.035753
v 0.120659 0.012776 0.036012
v 0.120197 0.012970 0.035470
v 0.120266 0.012883 0.035766
v 0.120337 0.012728 0.036004
v 0.119907 0.012832 0.035475
v 0.119995 0.012752 0.035761
v 0.120095 0.012639 0.035967
v 0.120417 0.011957 0.036363
v 0.120094 0.011970 0.036235
v 0.120742 0.012257 0.036355
v 0.120397 0.012270 0.036305
v 0.120100 0.012272 0.036185
v 0.120711 0.012540 0.036220
v 0.120379 0.012532 0.036177
v 0.120126 0.012496 0.036093
v 0.119524 0.012347 0.035486
v 0.119675 0.012617 0.035481
v 0.119595 0.012018 0.035777
v 0.119662 0.012326 0.035779
v 0.119801 0.012574 0.035765
v 0.119811 0.011991 0.036033
v 0.119864 0.012290 0.036016
v 0.119954 0.012509 0.035970
v 0.120749 0.006685 0.036404
v 0.120518 0.005620 0.035466
v 0.119469 0.006590 0.035491
v 0.120742 0.006381 0.036355
v 0.120711 0.006098 0.036220
v 0.120417 0.006681 0.036363
v 0.120399 0.006367 0.036305
v 0.120380 0.006107 0.036178
v 0.120094 0.006668 0.036235
v 0.120099 0.006366 0.036184
v 0.120126 0.006142 0.036093
v 0.120197 0.005668 0.035470
v 0.119907 0.005807 0.035475
v 0.120593 0.005697 0.035753
v 0.120264 0.005756 0.035765
v 0.119995 0.005885 0.035760
v 0.120659 0.005862 0.036012
v 0.120337 0.005911 0.036005
v 0.120095 0.005999 0.035967
v 0.119595 0.006620 0.035777
v 0.119811 0.006647 0.036033
v 0.119524 0.006291 0.035486
v 0.119662 0.006315 0.035781
v 0.119863 0.006349 0.036016
v 0.119675 0.006021 0.035481
v 0.119802 0.006064 0.035766
v 0.119954 0.006130 0.035970
v 0.171692 0.033459 0.025868
v 0.171692 0.032599 0.024929
v 0.171692 0.033444 0.025578
v 0.171692 0.033335 0.025316
v 0.171692 0.033145 0.025108
v 0.171692 0.032891 0.024975
v 0.171692 0.031347 0.036404
v 0.171692 0.032413 0.035466
v 0.171692 0.031650 0.036358
v 0.171692 0.031933 0.036225
v 0.171692 0.032168 0.036017
v 0.171692 0.032334 0.035756
v 0.171692 0.024827 0.024929
v 0.171692 0.023967 0.025868
v 0.171692 0.024535 0.024975
v 0.171692 0.024281 0.025108
v 0.171692 0.024091 0.025316
v 0.171692 0.023982 0.025578
v 0.171692 0.025014 0.035466
v 0.171692 0.026079 0.036404
v 0.171692 0.025092 0.035756
v 0.171692 0.025258 0.036017
v 0.171692 0.025493 0.036225
v 0.171692 0.025776 0.036358
v 0.180965 0.032599 0.024929
v 0.181987 0.032490 0.025873
v 0.180965 0.033459 0.025868
v 0.181281 0.032593 0.024976
v 0.181566 0.032577 0.025110
v 0.180965 0.032892 0.024974
v 0.181291 0.032893 0.025030
v 0.181552 0.032868 0.025156
v 0.180965 0.033146 0.025107
v 0.181280 0.033127 0.025156
v 0.181506 0.033073 0.025246
v 0.181937 0.032789 0.025872
v 0.181792 0.033058 0.025871
v 0.181937 0.032523 0.025582
v 0.181878 0.032832 0.025573
v 0.181741 0.033078 0.025582
v 0.181792 0.032553 0.025319
v 0.181740 0.032849 0.025331
v 0.181643 0.033058 0.025372
v 0.180965 0.033444 0.025577
v 0.180965 0.033337 0.025315
v 0.181281 0.033411 0.025869
v 0.181290 0.033389 0.025568
v 0.181279 0.033286 0.025329
v 0.181566 0.033273 0.025870
v 0.181553 0.033256 0.025580
v 0.181506 0.033188 0.025372
v 0.180965 0.031347 0.036404
v 0.180965 0.032413 0.035466
v 0.181987 0.031445 0.035460
v 0.180965 0.031651 0.036359
v 0.180965 0.031934 0.036226
v 0.181281 0.031352 0.036358
v 0.181290 0.031665 0.036304
v 0.181279 0.031925 0.036178
v 0.181566 0.031365 0.036223
v 0.181553 0.031667 0.036176
v 0.181506 0.031890 0.036088
v 0.181281 0.032365 0.035465
v 0.181566 0.032227 0.035464
v 0.180965 0.032334 0.035756
v 0.181291 0.032277 0.035763
v 0.181552 0.032148 0.035752
v 0.180965 0.032170 0.036018
v 0.181280 0.032121 0.036005
v 0.181506 0.032033 0.035961
v 0.181937 0.031414 0.035751
v 0.181792 0.031387 0.036014
v 0.181937 0.031743 0.035461
v 0.181878 0.031720 0.035762
v 0.181741 0.031684 0.036002
v 0.181792 0.032013 0.035462
v 0.181740 0.031969 0.035752
v 0.181643 0.031904 0.035961
v 0.180965 0.024827 0.024929
v 0.180965 0.023967 0.025868
v 0.181987 0.024936 0.025873
v 0.180965 0.024534 0.024974
v 0.180965 0.024280 0.025107
v 0.181281 0.024833 0.024976
v 0.181290 0.024531 0.025030
v 0.181279 0.024299 0.025155
v 0.181566 0.024849 0.025110
v 0.181553 0.024557 0.025157
v 0.181506 0.024353 0.025246
v 0.181281 0.024015 0.025869
v 0.181566 0.024153 0.025870
v 0.180965 0.023982 0.025577
v 0.181291 0.024038 0.025570
v 0.181552 0.024169 0.025581
v 0.180965 0.024089 0.025315
v 0.181280 0.024141 0.025328
v 0.181506 0.024238 0.025372
v 0.181937 0.024903 0.025582
v 0.181792 0.024873 0.025319
v 0.181937 0.024637 0.025872
v 0.181878 0.024595 0.025571
v 0.181741 0.024578 0.025331
v 0.181792 0.024368 0.025871
v 0.181740 0.024348 0.025581
v 0.181643 0.024368 0.025372
v 0.180965 0.026079 0.036404
v 0.181987 0.025981 0.035460
v 0.180965 0.025014 0.035466
v 0.181281 0.026074 0.036358
v 0.181566 0.026061 0.036223
v 0.180965 0.025775 0.036359
v 0.181291 0.025762 0.036304
v 0.181552 0.025760 0.036177
v 0.180965 0.025492 0.036226
v 0.181280 0.025501 0.036178
v 0.181506 0.025536 0.036088
v 0.181937 0.025683 0.035461
v 0.181792 0.025413 0.035462
v 0.181937 0.026012 0.035751
v 0.181878 0.025705 0.035760
v 0.181741 0.025457 0.035751
v 0.181792 0.026039 0.036014
v 0.181740 0.025741 0.036003
v 0.181643 0.025523 0.035961
v 0.180965 0.025092 0.035756
v 0.180965 0.025257 0.036018
v 0.181281 0.025062 0.035465
v 0.181290 0.025149 0.035765
v 0.181279 0.025304 0.036005
v 0.181566 0.025199 0.035464
v 0.181553 0.025279 0.035753
v 0.181506 0.025393 0.035961
v 0.117504 0.024827 0.024929
v 0.116741 0.024932 0.025842
v 0.117804 0.023967 0.025868
v 0.117196 0.024833 0.024970
v 0.116945 0.024848 0.025098
v 0.117524 0.024534 0.024978
v 0.117208 0.024533 0.025028
v 0.116979 0.024557 0.025149
v 0.117570 0.024281 0.025113
v 0.117263 0.024299 0.025156
v 0.117057 0.024353 0.025241
v 0.116798 0.024634 0.025847
v 0.116952 0.024365 0.025852
v 0.116705 0.024900 0.025557
v 0.116770 0.024592 0.025554
v 0.116918 0.024347 0.025568
v 0.116776 0.024871 0.025300
v 0.116839 0.024576 0.025317
v 0.116955 0.024367 0.025363
v 0.117717 0.023982 0.025581
v 0.117636 0.024090 0.025321
v 0.117481 0.024015 0.025863
v 0.117382 0.024037 0.025567
v 0.117319 0.024140 0.025329
v 0.117187 0.024152 0.025858
v 0.117114 0.024169 0.025572
v 0.117098 0.024237 0.025367
v 0.117504 0.032599 0.024929
v 0.117804 0.033459 0.025868
v 0.116741 0.032494 0.025842
v 0.117524 0.032892 0.024978
v 0.117570 0.033145 0.025113
v 0.117196 0.032593 0.024970
v 0.117210 0.032895 0.025028
v 0.117263 0.033127 0.025155
v 0.116945 0.032578 0.025098
v 0.116979 0.032870 0.025149
v 0.117057 0.033073 0.025241
v 0.117481 0.033412 0.025863
v 0.117187 0.033274 0.025858
v 0.117717 0.033444 0.025581
v 0.117380 0.033389 0.025568
v 0.117115 0.033258 0.025573
v 0.117636 0.033336 0.025321
v 0.117318 0.033285 0.025329
v 0.117098 0.033189 0.025367
v 0.116705 0.032526 0.025557
v 0.116776 0.032555 0.025300
v 0.116798 0.032792 0.025847
v 0.116770 0.032833 0.025552
v 0.116838 0.032850 0.025318
v 0.116952 0.033061 0.025852
v 0.116919 0.033080 0.025568
v 0.116955 0.033059 0.025363
v 0.120518 0.032413 0.035466
v 0.120749 0.031347 0.036404
v 0.119469 0.031442 0.035491
v 0.120593 0.032335 0.035753
v 0.120659 0.032170 0.036012
v 0.120197 0.032364 0.035470
v 0.120266 0.032276 0.035766
v 0.120337 0.032122 0.036004
v 0.119907 0.032226 0.035475
v 0.119995 0.032146 0.035761
v 0.120095 0.032033 0.035967
v 0.120417 0.031351 0.036363
v 0.120094 0.031364 0.036235
v 0.120742 0.031651 0.036355
v 0.120397 0.031663 0.036305
v 0.120100 0.031666 0.036185
v 0.120711 0.031934 0.036220
v 0.120379 0.031926 0.036177
v 0.120126 0.031890 0.036093
v 0.119524 0.031741 0.035486
v 0.119675 0.032011 0.035481
v 0.119595 0.031412 0.035777
v 0.119662 0.031720 0.035779
v 0.119801 0.031968 0.035765
v 0.119811 0.031385 0.036033
v 0.119864 0.031684 0.036016
v 0.119954 0.031903 0.035970
v 0.120749 0.026079 0.036404
v 0.120518 0.025014 0.035466
v 0.119469 0.025984 0.035491
v 0.120742 0.025775 0.036355
v 0.120711 0.025492 0.036220
v 0.120417 0.026075 0.036363
v 0.120399 0.025761 0.036305
v 0.120380 0.025501 0.036178
v 0.120094 0.026062 0.036235
v 0.120099 0.025760 0.036184
v 0.120126 0.025536 0.036093
v 0.120197 0.025062 0.035470
v 0.119907 0.025200 0.035475
v 0.120593 0.025091 0.035753
v 0.120264 0.025149 0.035765
v 0.119995 0.025279 0.035760
v 0.120659 0.025256 0.036012
v 0.120337 0.025305 0.036005
v 0.120095 0.025393 0.035967
v 0.119595 0.026014 0.035777
v 0.119811 0.026041 0.036033
v 0.119524 0.025685 0.035486
v 0.119662 0.025708 0.035781
v 0.119863 0.025743 0.036016
v 0.119675 0.025415 0.035481
v 0.119802 0.025458 0.035766
v 0.119954 0.025523 0.035970
v 0.171692 0.072247 0.025868
v 0.171692 0.071387 0.024929
v 0.171692 0.072231 0.025578
v 0.171692 0.072123 0.025316
v 0.171692 0.071933 0.025108
v 0.171692 0.071679 0.024975
v 0.171692 0.070135 0.036404
v 0.171692 0.071200 0.035466
v 0.171692 0.070438 0.036358
v 0.171692 0.070721 0.036225
v 0.171692 0.070956 0.036017
v 0.171692 0.071122 0.035756
v 0.171692 0.063615 0.024929
v 0.171692 0.062755 0.025868
v 0.171692 0.063323 0.024975
v 0.171692 0.063069 0.025108
v 0.171692 0.062878 0.025316
v 0.171692 0.062770 0.025578
v 0.171692 0.063801 0.035466
v 0.171692 0.064866 0.036404
v 0.171692 0.063880 0.035756
v 0.171692 0.064045 0.036017
v 0.171692 0.064281 0.036225
v 0.171692 0.064564 0.036358
v 0.180965 0.071387 0.024929
v 0.181987 0.071278 0.025873
v 0.180965 0.072247 0.025868
v 0.181281 0.071380 0.024976
v 0.181566 0.071365 0.025110
v 0.180965 0.071680 0.024974
v 0.181291 0.071681 0.025030
v 0.181552 0.071656 0.025156
v 0.180965 0.071934 0.025107
v 0.181280 0.071915 0.025156
v 0.181506 0.071860 0.025246
v 0.181937 0.071577 0.025872
v 0.181792 0.071846 0.025871
v 0.181937 0.071311 0.025582
v 0.181878 0.071620 0.025573
v 0.181741 0.071866 0.025582
v 0.181792 0.071341 0.025319
v 0.181740 0.071637 0.025331
v 0.181643 0.071846 0.025372
v 0.180965 0.072232 0.025577
v 0.180965 0.072124 0.025315
v 0.181281 0.072199 0.025869
v 0.181290 0.072176 0.025568
v 0.181279 0.072074 0.025329
v 0.181566 0.072061 0.025870
v 0.181553 0.072044 0.025580
v 0.181506 0.071976 0.025372
v 0.180965 0.070135 0.036404
v 0.180965 0.071200 0.035466
v 0.181987 0.070233 0.035460
v 0.180965 0.070438 0.036359
v 0.180965 0.070721 0.036226
v 0.181281 0.070139 0.036358
v 0.181290 0.070453 0.036304
v 0.181279 0.070713 0.036178
v 0.181566 0.070153 0.036223
v 0.181553 0.070455 0.036176
v 0.181506 0.070678 0.036088
v 0.181281 0.071152 0.035465
v 0.181566 0.071015 0.035464
v 0.180965 0.071122 0.035756
v 0.181291 0.071065 0.035763
v 0.181552 0.070936 0.035752
v 0.180965 0.070957 0.036018
v 0.181280 0.070909 0.036005
v 0.181506 0.070821 0.035961
v 0.181937 0.070202 0.035751
v 0.181792 0.070174 0.036014
v 0.181937 0.070531 0.035461
v 0.181878 0.070507 0.035762
v 0.181741 0.070472 0.036002
v 0.181792 0.070800 0.035462
v 0.181740 0.070757 0.035752
v 0.181643 0.070691 0.035961
v 0.180965 0.063615 0.024929
v 0.180965 0.062755 0.025868
v 0.181987 0.063723 0.025873
v 0.180965 0.063322 0.024974
v 0.180965 0.063068 0.025107
v 0.181281 0.063621 0.024976
v 0.181290 0.063319 0.025030
v 0.181279 0.063087 0.025155
v 0.181566 0.063637 0.025110
v 0.181553 0.063345 0.025157
v 0.181506 0.063141 0.025246
v 0.181281 0.062803 0.025869
v 0.181566 0.062941 0.025870
v 0.180965 0.062769 0.025577
v 0.181291 0.062825 0.025570
v 0.181552 0.062957 0.025581
v 0.180965 0.062877 0.025315
v 0.181280 0.062928 0.025328
v 0.181506 0.063026 0.025372
v 0.181937 0.063691 0.025582
v 0.181792 0.063661 0.025319
v 0.181937 0.063425 0.025872
v 0.181878 0.063383 0.025571
v 0.181741 0.063366 0.025331
v 0.181792 0.063155 0.025871
v 0.181740 0.063135 0.025581
v 0.181643 0.063156 0.025372
v 0.180965 0.064866 0.036404
v 0.181987 0.064769 0.035460
v 0.180965 0.063801 0.035466
v 0.181281 0.064862 0.036358
v 0.181566 0.064849 0.036223
v 0.180965 0.064563 0.036359
v 0.181291 0.064550 0.036304
v 0.181552 0.064547 0.036177
v 0.180965 0.064280 0.036226
v 0.181280 0.064288 0.036178
v 0.181506 0.064323 0.036088
v 0.181937 0.064470 0.035461
v 0.181792 0.064201 0.035462
v 0.181937 0.064800 0.035751
v 0.181878 0.064492 0.035760
v 0.181741 0.064245 0.035751
v 0.181792 0.064827 0.036014
v 0.181740 0.064529 0.036003
v 0.181643 0.064310 0.035961
v 0.180965 0.063879 0.035756
v 0.180965 0.064044 0.036018
v 0.181281 0.063849 0.035465
v 0.181290 0.063937 0.035765
v 0.181279 0.064092 0.036005
v 0.181566 0.063987 0.035464
v 0.181553 0.064067 0.035753
v 0.181506 0.064180 0.035961
v 0.117504 0.063615 0.024929
v 0.116741 0.063720 0.025842
v 0.117804 0.062755 0.025868
v 0.117196 0.063620 0.024970
v 0.116945 0.063635 0.025098
v 0.117524 0.063322 0.024978
v 0.117208 0.063321 0.025028
v 0.116979 0.063345 0.025149
v 0.117570 0.063068 0.025113
v 0.117263 0.063087 0.025156
v 0.117057 0.063140 0.025241
v 0.116798 0.063422 0.025847
v 0.116952 0.063153 0.025852
v 0.116705 0.063688 0.025557
v 0.116770 0.063379 0.025554
v 0.116918 0.063134 0.025568
v 0.116776 0.063659 0.025300
v 0.116839 0.063363 0.025317
v 0.116955 0.063155 0.025363
v 0.117717 0.062770 0.025581
v 0.117636 0.062878 0.025321
v 0.117481 0.062802 0.025863
v 0.117382 0.062825 0.025567
v 0.117319 0.062928 0.025329
v 0.117187 0.062939 0.025858
v 0.117114 0.062956 0.025572
v 0.117098 0.063025 0.025367
v 0.117504 0.071387 0.024929
v 0.117804 0.072247 0.025868
v 0.116741 0.071282 0.025842
v 0.117524 0.071679 0.024978
v 0.117570 0.071933 0.025113
v 0.117196 0.071381 0.024970
v 0.117210 0.071683 0.025028
v 0.117263 0.071915 0.025155
v 0.116945 0.071366 0.025098
v 0.116979 0.071657 0.025149
v 0.117057 0.071861 0.025241
v 0.117481 0.072199 0.025863
v 0.117187 0.072062 0.025858
v 0.117717 0.072232 0.025581
v 0.117380 0.072176 0.025568
v 0.117115 0.072046 0.025573
v 0.117636 0.072124 0.025321
v 0.117318 0.072073 0.025329
v 0.117098 0.071977 0.025367
v 0.116705 0.071314 0.025557
v 0.116776 0.071343 0.025300
v 0.116798 0.071580 0.025847
v 0.116770 0.071621 0.025552
v 0.116838 0.071637 0.025318
v 0.116952 0.071848 0.025852
v 0.116919 0.071868 0.025568
v 0.116955 0.071847 0.025363
v 0.120518 0.071200 0.035466
v 0.120749 0.070135 0.036404
v 0.119469 0.070230 0.035491
v 0.120593 0.071123 0.035753
v 0.120659 0.070958 0.036012
v 0.120197 0.071152 0.035470
v 0.120266 0.071064 0.035766
v 0.120337 0.070910 0.036004
v 0.119907 0.071013 0.035475
v 0.119995 0.070934 0.035761
v 0.120095 0.070821 0.035967
v 0.120417 0.070139 0.036363
v 0.120094 0.070152 0.036235
v 0.120742 0.070439 0.036355
v 0.120397 0.070451 0.036305
v 0.120100 0.070453 0.036185
v 0.120711 0.070722 0.036220
v 0.120379 0.070713 0.036177
v 0.120126 0.070678 0.036093
v 0.119524 0.070529 0.035486
v 0.119675 0.070799 0.035481
v 0.119595 0.070199 0.035777
v 0.119662 0.070507 0.035779
v 0.119801 0.070755 0.035765
v 0.119811 0.070173 0.036033
v 0.119864 0.070472 0.036016
v 0.119954 0.070690 0.035970
v 0.120749 0.064866 0.036404
v 0.120518 0.063801 0.035466
v 0.119469 0.064772 0.035491
v 0.120742 0.064563 0.036355
v 0.120711 0.064279 0.036220
v 0.120417 0.064863 0.036363
v 0.120399 0.064549 0.036305
v 0.120380 0.064289 0.036178
v 0.120094 0.064850 0.036235
v 0.120099 0.064547 0.036184
v 0.120126 0.064324 0.036093
v 0.120197 0.063850 0.035470
v 0.119907 0.063988 0.035475
v 0.120593 0.063879 0.035753
v 0.120264 0.063937 0.035765
v 0.119995 0.064067 0.035760
v 0.120659 0.064044 0.036012
v 0.120337 0.064093 0.036005
v 0.120095 0.064181 0.035967
v 0.119595 0.064802 0.035777
v 0.119811 0.064829 0.036033
v 0.119524 0.064473 0.035486
v 0.119662 0.064496 0.035781
v 0.119863 0.064531 0.036016
v 0.119675 0.064203 0.035481
v 0.119802 0.064246 0.035766
v 0.119954 0.064311 0.035970
v 0.171692 0.091641 0.025868
v 0.171692 0.090780 0.024929
v 0.171692 0.091625 0.025578
v 0.171692 0.091517 0.025316
v 0.171692 0.091327 0.025108
v 0.171692 0.091073 0.024975
v 0.171692 0.089529 0.036404
v 0.171692 0.090594 0.035466
v 0.171692 0.089832 0.036358
v 0.171692 0.090114 0.036225
v 0.171692 0.090350 0.036017
v 0.171692 0.090515 0.035756
v 0.171692 0.083009 0.024929
v 0.171692 0.082149 0.025868
v 0.171692 0.082716 0.024975
v 0.171692 0.082463 0.025108
v 0.171692 0.082272 0.025316
v 0.171692 0.082164 0.025578
v 0.171692 0.083195 0.035466
v 0.171692 0.084260 0.036404
v 0.171692 0.083274 0.035756
v 0.171692 0.083439 0.036017
v 0.171692 0.083675 0.036225
v 0.171692 0.083958 0.036358
v 0.180965 0.090780 0.024929
v 0.181987 0.090672 0.025873
v 0.180965 0.091641 0.025868
v 0.181281 0.090774 0.024976
v 0.181566 0.090759 0.025110
v 0.180965 0.091074 0.024974
v 0.181291 0.091075 0.025030
v 0.181552 0.091050 0.025156
v 0.180965 0.091328 0.025107
v 0.181280 0.091309 0.025156
v 0.181506 0.091254 0.025246
v 0.181937 0.090971 0.025872
v 0.181792 0.091240 0.025871
v 0.181937 0.090705 0.025582
v 0.181878 0.091014 0.025573
v 0.181741 0.091260 0.025582
v 0.181792 0.090734 0.025319
v 0.181740 0.091030 0.025331
v 0.181643 0.091240 0.025372
v 0.180965 0.091626 0.025577
v 0.180965 0.091518 0.025315
v 0.181281 0.091593 0.025869
v 0.181290 0.091570 0.025568
v 0.181279 0.091468 0.025329
v 0.181566 0.091455 0.025870
v 0.181553 0.091438 0.025580
v 0.181506 0.091370 0.025372
v 0.180965 0.089529 0.036404
v 0.180965 0.090594 0.035466
v 0.181987 0.089627 0.035460
v 0.180965 0.089832 0.036359
v 0.180965 0.090115 0.036226
v 0.181281 0.089533 0.036358
v 0.181290 0.089847 0.036304
v 0.181279 0.090107 0.036178
v 0.181566 0.089547 0.036223
v 0.181553 0.089849 0.036176
v 0.181506 0.090072 0.036088
v 0.181281 0.090546 0.035465
v 0.181566 0.090408 0.035464
v 0.180965 0.090516 0.035756
v 0.181291 0.090458 0.035763
v 0.181552 0.090329 0.035752
v 0.180965 0.090351 0.036018
v 0.181280 0.090303 0.036005
v 0.181506 0.090215 0.035961
v 0.181937 0.089596 0.035751
v 0.181792 0.089568 0.036014
v 0.181937 0.089925 0.035461
v 0.181878 0.089901 0.035762
v 0.181741 0.089866 0.036002
v 0.181792 0.090194 0.035462
v 0.181740 0.090151 0.035752
v 0.181643 0.090085 0.035961
v 0.180965 0.083009 0.024929
v 0.180965 0.082149 0.025868
v 0.181987 0.083117 0.025873
v 0.180965 0.082716 0.024974
v 0.180965 0.082461 0.025107
v 0.181281 0.083015 0.024976
v 0.181290 0.082713 0.025030
v 0.181279 0.082481 0.025155
v 0.181566 0.083031 0.025110
v 0.181553 0.082739 0.025157
v 0.181506 0.082535 0.025246
v 0.181281 0.082197 0.025869
v 0.181566 0.082335 0.025870
v 0.180965 0.082163 0.025577
v 0.181291 0.082219 0.025570
v 0.181552 0.082351 0.025581
v 0.180965 0.082271 0.025315
v 0.181280 0.082322 0.025328
v 0.181506 0.082419 0.025372
v 0.181937 0.083085 0.025582
v 0.181792 0.083055 0.025319
v 0.181937 0.082819 0.025872
v 0.181878 0.082777 0.025571
v 0.181741 0.082760 0.025331
v 0.181792 0.082549 0.025871
v 0.181740 0.082529 0.025581
v 0.181643 0.082550 0.025372
v 0.180965 0.084260 0.036404
v 0.181987 0.084163 0.035460
v 0.180965 0.083195 0.035466
v 0.181281 0.084256 0.036358
v 0.181566 0.084243 0.036223
v 0.180965 0.083957 0.036359
v 0.181291 0.083944 0.036304
v 0.181552 0.083941 0.036177
v 0.180965 0.083674 0.036226
v 0.181280 0.083682 0.036178
v 0.181506 0.083717 0.036088
v 0.181937 0.083864 0.035461
v 0.181792 0.083595 0.035462
v 0.181937 0.084194 0.035751
v 0.181878 0.083886 0.035760
v 0.181741 0.083639 0.035751
v 0.181792 0.084221 0.036014
v 0.181740 0.083923 0.036003
v 0.181643 0.083704 0.035961
v 0.180965 0.083273 0.035756
v 0.180965 0.083438 0.036018
v 0.181281 0.083243 0.035465
v 0.181290 0.083331 0.035765
v 0.181279 0.083486 0.036005
v 0.181566 0.083381 0.035464
v 0.181553 0.083461 0.035753
v 0.181506 0.083574 0.035961
v 0.117504 0.083009 0.024929
v 0.116741 0.083114 0.025842
v 0.117804 0.082149 0.025868
v 0.117196 0.083014 0.024970
v 0.116945 0.083029 0.025098
v 0.117524 0.082716 0.024978
v 0.117208 0.082715 0.025028
v 0.116979 0.082739 0.025149
v 0.117570 0.082462 0.025113
v 0.117263 0.082480 0.025156
v 0.117057 0.082534 0.025241
v 0.116798 0.082816 0.025847
v 0.116952 0.082547 0.025852
v 0.116705 0.083082 0.025557
v 0.116770 0.082773 0.025554
v 0.116918 0.082528 0.025568
v 0.116776 0.083053 0.025300
v 0.116839 0.082757 0.025317
v 0.116955 0.082548 0.025363
v 0.117717 0.082164 0.025581
v 0.117636 0.082272 0.025321
v 0.117481 0.082196 0.025863
v 0.117382 0.082219 0.025567
v 0.117319 0.082322 0.025329
v 0.117187 0.082333 0.025858
v 0.117114 0.082350 0.025572
v 0.117098 0.082419 0.025367
v 0.117504 0.090780 0.024929
v 0.117804 0.091641 0.025868
v 0.116741 0.090676 0.025842
v 0.117524 0.091073 0.024978
v 0.117570 0.091327 0.025113
v 0.117196 0.090775 0.024970
v 0.117210 0.091076 0.025028
v 0.117263 0.091309 0.025155
v 0.116945 0.090760 0.025098
v 0.116979 0.091051 0.025149
v 0.117057 0.091255 0.025241
v 0.117481 0.091593 0.025863
v 0.117187 0.091456 0.025858
v 0.117717 0.091626 0.025581
v 0.117380 0.091570 0.025568
v 0.117115 0.091440 0.025573
v 0.117636 0.091518 0.025321
v 0.117318 0.091467 0.025329
v 0.117098 0.091370 0.025367
v 0.116705 0.090708 0.025557
v 0.116776 0.090737 0.025300
v 0.116798 0.090974 0.025847
v 0.116770 0.091015 0.025552
v 0.116838 0.091031 0.025318
v 0.116952 0.091242 0.025852
v 0.116919 0.091262 0.025568
v 0.116955 0.091241 0.025363
v 0.120518 0.090594 0.035466
v 0.120749 0.089529 0.036404
v 0.119469 0.089624 0.035491
v 0.120593 0.090516 0.035753
v 0.120659 0.090352 0.036012
v 0.120197 0.090546 0.035470
v 0.120266 0.090458 0.035766
v 0.120337 0.090303 0.036004
v 0.119907 0.090407 0.035475
v 0.119995 0.090328 0.035761
v 0.120095 0.090215 0.035967
v 0.120417 0.089533 0.036363
v 0.120094 0.089546 0.036235
v 0.120742 0.089833 0.036355
v 0.120397 0.089845 0.036305
v 0.120100 0.089847 0.036185
v 0.120711 0.090116 0.036220
v 0.120379 0.090107 0.036177
v 0.120126 0.090072 0.036093
v 0.119524 0.089923 0.035486
v 0.119675 0.090192 0.035481
v 0.119595 0.089593 0.035777
v 0.119662 0.089901 0.035779
v 0.119801 0.090149 0.035765
v 0.119811 0.089566 0.036033
v 0.119864 0.089865 0.036016
v 0.119954 0.090084 0.035970
v 0.120749 0.084260 0.036404
v 0.120518 0.083195 0.035466
v 0.119469 0.084166 0.035491
v 0.120742 0.083957 0.036355
v 0.120711 0.083673 0.036220
v 0.120417 0.084257 0.036363
v 0.120399 0.083943 0.036305
v 0.120380 0.083683 0.036178
v 0.120094 0.084244 0.036235
v 0.120099 0.083941 0.036184
v 0.120126 0.083718 0.036093
v 0.120197 0.083244 0.035470
v 0.119907 0.083382 0.035475
v 0.120593 0.083273 0.035753
v 0.120264 0.083331 0.035765
v 0.119995 0.083461 0.035760
v 0.120659 0.083438 0.036012
v 0.120337 0.083487 0.036005
v 0.120095 0.083575 0.035967
v 0.119595 0.084196 0.035777
v 0.119811 0.084223 0.036033
v 0.119524 0.083867 0.035486
v 0.119662 0.083890 0.035781
v 0.119863 0.083925 0.036016
v 0.119675 0.083597 0.035481
v 0.119802 0.083640 0.035766
v 0.119954 0.083705 0.035970
v 0.171692 0.111035 0.025868
v 0.171692 0.110174 0.024929
v 0.171692 0.111019 0.025578
v 0.171692 0.110911 0.025316
v 0.171692 0.110721 0.025108
v 0.171692 0.110467 0.024975
v 0.171692 0.108923 0.036404
v 0.171692 0.109988 0.035466
v 0.171692 0.109225 0.036358
v 0.171692 0.109508 0.036225
v 0.171692 0.109744 0.036017
v 0.171692 0.109909 0.035756
v 0.171692 0.102403 0.024929
v 0.171692 0.101542 0.025868
v 0.171692 0.102110 0.024975
v 0.171692 0.101856 0.025108
v 0.171692 0.101666 0.025316
v 0.171692 0.101558 0.025578
v 0.171692 0.102589 0.035466
v 0.171692 0.103654 0.036404
v 0.171692 0.102668 0.035756
v 0.171692 0.102833 0.036017
v 0.171692 0.103069 0.036225
v 0.171692 0.103352 0.036358
v 0.180965 0.110174 0.024929
v 0.181987 0.110066 0.025873
v 0.180965 0.111035 0.025868
v 0.181281 0.110168 0.024976
v 0.181566 0.110152 0.025110
v 0.180965 0.110468 0.024974
v 0.181291 0.110468 0.025030
v 0.181552 0.110444 0.025156
v 0.180965 0.110722 0.025107
v 0.181280 0.110703 0.025156
v 0.181506 0.110648 0.025246
v 0.181937 0.110364 0.025872
v 0.181792 0.110634 0.025871
v 0.181937 0.110099 0.025582
v 0.181878 0.110408 0.025573
v 0.181741 0.110653 0.025582
v 0.181792 0.110128 0.025319
v 0.181740 0.110424 0.025331
v 0.181643 0.110634 0.025372
v 0.180965 0.111020 0.025577
v 0.180965 0.110912 0.025315
v 0.181281 0.110986 0.025869
v 0.181290 0.110964 0.025568
v 0.181279 0.110862 0.025329
v 0.181566 0.110848 0.025870
v 0.181553 0.110832 0.025580
v 0.181506 0.110764 0.025372
v 0.180965 0.108923 0.036404
v 0.180965 0.109988 0.035466
v 0.181987 0.109020 0.035460
v 0.180965 0.109226 0.036359
v 0.180965 0.109509 0.036226
v 0.181281 0.108927 0.036358
v 0.181290 0.109241 0.036304
v 0.181279 0.109500 0.036178
v 0.181566 0.108941 0.036223
v 0.181553 0.109243 0.036176
v 0.181506 0.109466 0.036088
v 0.181281 0.109940 0.035465
v 0.181566 0.109802 0.035464
v 0.180965 0.109910 0.035756
v 0.181291 0.109852 0.035763
v 0.181552 0.109723 0.035752
v 0.180965 0.109745 0.036018
v 0.181280 0.109697 0.036005
v 0.181506 0.109609 0.035961
v 0.181937 0.108990 0.035751
v 0.181792 0.108962 0.036014
v 0.181937 0.109319 0.035461
v 0.181878 0.109295 0.035762
v 0.181741 0.109260 0.036002
v 0.181792 0.109588 0.035462
v 0.181740 0.109545 0.035752
v 0.181643 0.109479 0.035961
v 0.180965 0.102403 0.024929
v 0.180965 0.101542 0.025868
v 0.181987 0.102511 0.025873
v 0.180965 0.102109 0.024974
v 0.180965 0.101855 0.025107
v 0.181281 0.102409 0.024976
v 0.181290 0.102107 0.025030
v 0.181279 0.101875 0.025155
v 0.181566 0.102425 0.025110
v 0.181553 0.102133 0.025157
v 0.181506 0.101929 0.025246
v 0.181281 0.101591 0.025869
v 0.181566 0.101729 0.025870
v 0.180965 0.101557 0.025577
v 0.181291 0.101613 0.025570
v 0.181552 0.101745 0.025581
v 0.180965 0.101665 0.025315
v 0.181280 0.101716 0.025328
v 0.181506 0.101813 0.025372
v 0.181937 0.102478 0.025582
v 0.181792 0.102449 0.025319
v 0.181937 0.102213 0.025872
v 0.181878 0.102171 0.025571
v 0.181741 0.102154 0.025331
v 0.181792 0.101943 0.025871
v 0.181740 0.101923 0.025581
v 0.181643 0.101943 0.025372
v 0.180965 0.103654 0.036404
v 0.181987 0.103557 0.035460
v 0.180965 0.102589 0.035466
v 0.181281 0.103650 0.036358
v 0.181566 0.103636 0.036223
v 0.180965 0.103351 0.036359
v 0.181291 0.103338 0.036304
v 0.181552 0.103335 0.036177
v 0.180965 0.103068 0.036226
v 0.181280 0.103076 0.036178
v 0.181506 0.103111 0.036088
v 0.181937 0.103258 0.035461
v 0.181792 0.102989 0.035462
v 0.181937 0.103587 0.035751
v 0.181878 0.103280 0.035760
v 0.181741 0.103033 0.035751
v 0.181792 0.103615 0.036014
v 0.181740 0.103316 0.036003
v 0.181643 0.103098 0.035961
v 0.180965 0.102667 0.035756
v 0.180965 0.102832 0.036018
v 0.181281 0.102637 0.035465
v 0.181290 0.102725 0.035765
v 0.181279 0.102880 0.036005
v 0.181566 0.102775 0.035464
v 0.181553 0.102854 0.035753
v 0.181506 0.102968 0.035961
v 0.117504 0.102403 0.024929
v 0.116741 0.102508 0.025842
v 0.117804 0.101542 0.025868
v 0.117196 0.102408 0.024970
v 0.116945 0.102423 0.025098
v 0.117524 0.102110 0.024978
v 0.117208 0.102108 0.025028
v 0.116979 0.102133 0.025149
v 0.117570 0.101856 0.025113
v 0.117263 0.101874 0.025156
v 0.117057 0.101928 0.025241
v 0.116798 0.102210 0.025847
v 0.116952 0.101941 0.025852
v 0.116705 0.102475 0.025557
v 0.116770 0.102167 0.025554
v 0.116918 0.101922 0.025568
v 0.116776 0.102446 0.025300
v 0.116839 0.102151 0.025317
v 0.116955 0.101942 0.025363
v 0.117717 0.101558 0.025581
v 0.117636 0.101666 0.025321
v 0.117481 0.101590 0.025863
v 0.117382 0.101613 0.025567
v 0.117319 0.101716 0.025329
v 0.117187 0.101727 0.025858
v 0.117114 0.101744 0.025572
v 0.117098 0.101813 0.025367
v 0.117504 0.110174 0.024929
v 0.117804 0.111035 0.025868
v 0.116741 0.110070 0.025842
v 0.117524 0.110467 0.024978
v 0.117570 0.110721 0.025113
v 0.117196 0.110169 0.024970
v 0.117210 0.110470 0.025028
v 0.117263 0.110702 0.025155
v 0.116945 0.110154 0.025098
v 0.116979 0.110445 0.025149
v 0.117057 0.110649 0.025241
v 0.117481 0.110987 0.025863
v 0.117187 0.110850 0.025858
v 0.117717 0.111019 0.025581
v 0.117380 0.110964 0.025568
v 0.117115 0.110833 0.025573
v 0.117636 0.110911 0.025321
v 0.117318 0.110861 0.025329
v 0.117098 0.110764 0.025367
v 0.116705 0.110102 0.025557
v 0.116776 0.110131 0.025300
v 0.116798 0.110368 0.025847
v 0.116770 0.110409 0.025552
v 0.116838 0.110425 0.025318
v 0.116952 0.110636 0.025852
v 0.116919 0.110656 0.025568
v 0.116955 0.110635 0.025363
v 0.120518 0.109988 0.035466
v 0.120749 0.108923 0.036404
v 0.119469 0.109017 0.035491
v 0.120593 0.109910 0.035753
v 0.120659 0.109746 0.036012
v 0.120197 0.109939 0.035470
v 0.120266 0.109852 0.035766
v 0.120337 0.109697 0.036004
v 0.119907 0.109801 0.035475
v 0.119995 0.109722 0.035761
v 0.120095 0.109608 0.035967
v 0.120417 0.108927 0.036363
v 0.120094 0.108939 0.036235
v 0.120742 0.109227 0.036355
v 0.120397 0.109239 0.036305
v 0.120100 0.109241 0.036185
v 0.120711 0.109510 0.036220
v 0.120379 0.109501 0.036177
v 0.120126 0.109465 0.036093
v 0.119524 0.109316 0.035486
v 0.119675 0.109586 0.035481
v 0.119595 0.108987 0.035777
v 0.119662 0.109295 0.035779
v 0.119801 0.109543 0.035765
v 0.119811 0.108960 0.036033
v 0.119864 0.109259 0.036016
v 0.119954 0.109478 0.035970
v 0.120749 0.103654 0.036404
v 0.120518 0.102589 0.035466
v 0.119469 0.103560 0.035491
v 0.120742 0.103351 0.036355
v 0.120711 0.103067 0.036220
v 0.120417 0.103651 0.036363
v 0.120399 0.103336 0.036305
v 0.120380 0.103077 0.036178
v 0.120094 0.103638 0.036235
v 0.120099 0.103335 0.036184
v 0.120126 0.103112 0.036093
v 0.120197 0.102638 0.035470
v 0.119907 0.102776 0.035475
v 0.120593 0.102667 0.035753
v 0.120264 0.102725 0.035765
v 0.119995 0.102854 0.035760
v 0.120659 0.102831 0.036012
v 0.120337 0.102880 0.036005
v 0.120095 0.102969 0.035967
v 0.119595 0.103590 0.035777
v 0.119811 0.103617 0.036033
v 0.119524 0.103261 0.035486
v 0.119662 0.103284 0.035781
v 0.119863 0.103318 0.036016
v 0.119675 0.102991 0.035481
v 0.119802 0.103033 0.035766
v 0.119954 0.103099 0.035970

f 19 14 135 215
f 81 107 54 26
f 162 189 216 134
f 106 20 7 52
f 1 8 187 161
f 7 20 214 188
f 253 242 400 373
f 13 79 25 2
f 14 19 108 80
f 27 53 8 1
f 259 254 375 455
f 321 347 294 266
f 402 429 456 374
f 346 260 247 292
f 241 248 427 401
f 247 260 454 428
f 493 482 640 613
f 253 319 265 242
f 254 259 348 320
f 267 293 248 241
f 499 494 615 695
f 561 587 534 506
f 642 669 696 614
f 586 500 487 532
f 481 488 667 641
f 487 500 694 668
f 733 722 880 853
f 493 559 505 482
f 494 499 588 560
f 507 533 488 481
f 739 734 855 935
f 801 827 774 746
f 882 909 936 854
f 826 740 727 772
f 721 728 907 881
f 727 740 934 908
f 973 962 1120 1093
f 733 799 745 722
f 734 739 828 800
f 747 773 728 721
f 979 974 1095 1175
f 1041 1067 1014 986
f 1122 1149 1176 1094
f 1066 980 967 1012
f 961 968 1147 1121
f 967 980 1174 1148
f 1213 1202 1360 1333
f 973 1039 985 962
f 974 979 1068 1040
f 987 1013 968 961
f 1219 1214 1335 1415
f 1281 1307 1254 1226
f 1362 1389 1416 1334
f 1306 1220 1207 1252
f 1201 1208 1387 1361
f 1207 1220 1414 1388
f 1453 1442 1600 1573
f 1213 1279 1225 1202
f 1214 1219 1308 1280
f 1227 1253 1208 1201
f 1459 1454 1575 1655
f 1521 1547 1494 1466
f 1602 1629 1656 1574
f 1546 1460 1447 1492
f 1441 1448 1627 1601
f 1447 1460 1654 1628
f 1693 1682 1840 1813
f 1453 1519 1465 1442
f 1454 1459 1548 1520
f 1467 1493 1448 1441
f 1699 1694 1815 1895
f 1761 1787 1734 1706
f 1842 1869 1896 1814
f 1786 1700 1687 1732
f 1681 1688 1867 1841
f 1687 1700 1894 1868
f 1933 1922 2080 2053
f 1693 1759 1705 1682
f 1694 1699 1788 1760
f 1707 1733 1688 1681
f 1939 1934 2055 2135
f 2001 2027 1974 1946
f 2082 2109 2136 2054
f 2026 1940 1927 1972
f 1921 1928 2107 2081
f 1927 1940 2134 2108
f 2173 2162 2320 2293
f 1933 1999 1945 1922
f 1934 1939 2028 2000
f 1947 1973 1928 1921
f 2179 2174 2295 2375
f 2241 2267 2214 2186
f 2322 2349 2376 2294
f 2266 2180 2167 2212
f 2161 2168 2347 2321
f 2167 2180 2374 2348
f 2173 2239 2185 2162
f 2174 2179 2268 2240
f 2187 2213 2168 2161
f 25 28 31 30
f 28 29 32 31
f 29 41 42 32
f 30 31 34 33
f 31 32 35 34
f 32 42 43 35
f 26 36 39 38
f 36 37 40 39
f 37 49 50 40
f 38 39 42 41
f 39 40 43 42
f 40 50 51 43
f 27 44 47 46
f 44 45 48 47
f 45 33 34 48
f 46 47 50 49
f 47 48 51 50
f 48 34 35 51
f 35 43 51
f 52 55 58 57
f 55 56 59 58
f 56 68 69 59
f 57 58 61 60
f 58 59 62 61
f 59 69 70 62
f 53 63 66 65
f 63 64 67 66
f 64 76 77 67
f 65 66 69 68
f 66 67 70 69
f 67 77 78 70
f 54 71 74 73
f 71 72 75 74
f 72 60 61 75
f 73 74 77 76
f 74 75 78 77
f 75 61 62 78
f 62 70 78
f 79 82 85 84
f 82 83 86 85
f 83 95 96 86
f 84 85 88 87
f 85 86 89 88
f 86 96 97 89
f 80 90 93 92
f 90 91 94 93
f 91 103 104 94
f 92 93 96 95
f 93 94 97 96
f 94 104 105 97
f 81 98 101 100
f 98 99 102 101
f 99 87 88 102
f 100 101 104 103
f 101 102 105 104
f 102 88 89 105
f 89 97 105
f 106 109 112 111
f 109 110 113 112
f 110 122 123 113
f 111 112 115 114
f 112 113 116 115
f 113 123 124 116
f 107 117 120 119
f 117 118 121 120
f 118 130 131 121
f 119 120 123 122
f 120 121 124 123
f 121 131 132 124
f 108 125 128 127
f 125 126 129 128
f 126 114 115 129
f 127 128 131 130
f 128 129 132 131
f 129 115 116 132
f 116 124 132
f 133 136 139 138
f 136 137 140 139
f 137 149 150 140
f 138 139 142 141
f 139 140 143 142
f 140 150 151 143
f 134 144 147 146
f 144 145 148 147
f 145 157 158 148
f 146 147 150 149
f 147 148 151 150
f 148 158 159 151
f 135 152 155 154
f 152 153 156 155
f 153 141 142 156
f 154 155 158 157
f 155 156 159 158
f 156 142 143 159
f 143 151 159
f 160 163 166 165
f 163 164 167 166
f 164 176 177 167
f 165 166 169 168
f 166 167 170 169
f 167 177 178 170
f 161 171 174 173
f 171 172 175 174
f 172 184 185 175
f 173 174 177 176
f 174 175 178 177
f 175 185 186 178
f 162 179 182 181
f 179 180 183 182
f 180 168 169 183
f 181 182 185 184
f 182 183 186 185
f 183 169 170 186
f 170 178 186
f 187 190 193 192
f 190 191 194 193
f 191 203 204 194
f 192 193 196 195
f 193 194 197 196
f 194 204 205 197
f 188 198 201 200
f 198 199 202 201
f 199 211 212 202
f 200 201 204 203
f 201 202 205 204
f 202 212 213 205
f 189 206 209 208
f 206 207 210 209
f 207 195 196 210
f 208 209 212 211
f 209 210 213 212
f 210 196 197 213
f 197 205 213
f 214 217 220 219
f 217 218 221 220
f 218 230 231 221
f 219 220 223 222
f 220 221 224 223
f 221 231 232 224
f 215 225 228 227
f 225 226 229 228
f 226 238 239 229
f 227 228 231 230
f 228 229 232 231
f 229 239 240 232
f 216 233 236 235
f 233 234 237 236
f 234 222 223 237
f 235 236 239 238
f 236 237 240 239
f 237 223 224 240
f 224 232 240
f 265 268 271 270
f 268 269 272 271
f 269 281 282 272
f 270 271 274 273
f 271 272 275 274
f 272 282 283 275
f 266 276 279 278
f 276 277 280 279
f 277 289 290 280
f 278 279 282 281
f 279 280 283 282
f 280 290 291 283
f 267 284 287 286
f 284 285 288 287
f 285 273 274 288
f 286 287 290 289
f 287 288 291 290
f 288 274 275 291
f 275 283 291
f 292 295 298 297
f 295 296 299 298
f 296 308 309 299
f 297 298 301 300
f 298 299 302 301
f 299 309 310 302
f 293 303 306 305
f 303 304 307 306
f 304 316 317 307
f 305 306 309 308
f 306 307 310 309
f 307 317 318 310
f 294 311 314 313
f 311 312 315 314
f 312 300 301 315
f 313 314 317 316
f 314 315 318 317
f 315 301 302 318
f 302 310 318
f 319 322 325 324
f 322 323 326 325
f 323 335 336 326
f 324 325 328 327
f 325 326 329 328
f 326 336 337 329
f 320 330 333 332
f 330 331 334 333
f 331 343 344 334
f 332 333 336 335
f 333 334 337 336
f 334 344 345 337
f 321 338 341 340
f 338 339 342 341
f 339 327 328 342
f 340 341 344 343
f 341 342 345 344
f 342 328 329 345
f 329 337 345
f 346 349 352 351
f 349 350 353 352
f 350 362 363 353
f 351 352 355 354
f 352 353 356 355
f 353 363 364 356
f 347 357 360 359
f 357 358 361 360
f 358 370 371 361
f 359 360 363 362
f 360 361 364 363
f 361 371 372 364
f 348 365 368 367
f 365 366 369 368
f 366 354 355 369
f 367 368 371 370
f 368 369 372 371
f 369 355 356 372
f 356 364 372
f 373 376 379 378
f 376 377 380 379
f 377 389 390 380
f 378 379 382 381
f 379 380 383 382
f 380 390 391 383
f 374 384 387 386
f 384 385 388 387
f 385 397 398 388
f 386 387 390 389
f 387 388 391 390
f 388 398 399 391
f 375 392 395 394
f 392 393 396 395
f 393 381 382 396
f 394 395 398 397
f 395 396 399 398
f 396 382 383 399
f 383 391 399
f 400 403 406 405
f 403 404 407 406
f 404 416 417 407
f 405 406 409 408
f 406 407 410 409
f 407 417 418 410
f 401 411 414 413
f 411 412 415 414
f 412 424 425 415
f 413 414 417 416
f 414 415 418 417
f 415 425 426 418
f 402 419 422 421
f 419 420 423 422
f 420 408 409 423
f 421 422 425 424
f 422 423 426 425
f 423 409 410 426
f 410 418 426
f 427 430 433 432
f 430 431 434 433
f 431 443 444 434
f 432 433 436 435
f 433 434 437 436
f 434 444 445 437
f 428 438 441 440
f 438 439 442 441
f 439 451 452 442
f 440 441 444 443
f 441 442 445 444
f 442 452 453 445
f 429 446 449 448
f 446 447 450 449
f 447 435 436 450
f 448 449 452 451
f 449 450 453 452
f 450 436 437 453
f 437 445 453
f 454 457 460 459
f 457 458 461 460
f 458 470 471 461
f 459 460 463 462
f 460 461 464 463
f 461 471 472 464
f 455 465 468 467
f 465 466 469 468
f 466 478 479 469
f 467 468 471 470
f 468 469 472 471
f 469 479 480 472
f 456 473 476 475
f 473 474 477 476
f 474 462 463 477
f 475 476 479 478
f 476 477 480 479
f 477 463 464 480
f 464 472 480
f 505 508 511 510
f 508 509 512 511
f 509 521 522 512
f 510 511 514 513
f 511 512 515 514
f 512 522 523 515
f 506 516 519 518
f 516 517 520 519
f 517 529 530 520
f 518 519 522 521
f 519 520 523 522
f 520 530 531 523
f 507 524 527 526
f 524 525 528 527
f 525 513 514 528
f 526 527 530 529
f 527 528 531 530
f 528 514 515 531
f 515 523 531
f 532 535 538 537
f 535 536 539 538
f 536 548 549 539
f 537 538 541 540
f 538 539 542 541
f 539 549 550 542
f 533 543 546 545
f 543 544 547 546
f 544 556 557 547
f 545 546 549 548
f 546 547 550 549
f 547 557 558 550
f 534 551 554 553
f 551 552 555 554
f 552 540 541 555
f 553 554 557 556
f 554 555 558 557
f 555 541 542 558
f 542 550 558
f 559 562 565 564
f 562 563 566 565
f 563 575 576 566
f 564 565 568 567
f 565 566 569 568
f 566 576 577 569
f 560 570 573 572
f 570 571 574 573
f 571 583 584 574
f 572 573 576 575
f 573 574 577 576
f 574 584 585 577
f 561 578 581 580
f 578 579 582 581
f 579 567 568 582
f 580 581 584 583
f 581 582 585 584
f 582 568 569 585
f 569 577 585
f 586 589 592 591
f 589 590 593 592
f 590 602 603 593
f 591 592 595 594
f 592 593 596 595
f 593 603 604 596
f 587 597 600 599
f 597 598 601 600
f 598 610 611 601
f 599 600 603 602
f 600 601 604 603
f 601 611 612 604
f 588 605 608 607
f 605 606 609 608
f 606 594 595 609
f 607 608 611 610
f 608 609 612 611
f 609 595 596 612
f 596 604 612
f 613 616 619 618
f 616 617 620 619
f 617 629 630 620
f 618 619 622 621
f 619 620 623 622
f 620 630 631 623
f 614 624 627 626
f 624 625 628 627
f 625 637 638 628
f 626 627 630 629
f 627 628 631 630
f 628 638 639 631
f 615 632 635 634
f 632 633 636 635
f 633 621 622 636
f 634 635 638 637
f 635 636 639 638
f 636 622 623 639
f 623 631 639
f 640 643 646 645
f 643 644 647 646
f 644 656 657 647
f 645 646 649 648
f 646 647 650 649
f 647 657 658 650
f 641 651 654 653
f 651 652 655 654
f 652 664 665 655
f 653 654 657 656
f 654 655 658 657
f 655 665 666 658
f 642 659 662 661
f 659 660 663 662
f 660 648 649 663
f 661 662 665 664
f 662 663 666 665
f 663 649 650 666
f 650 658 666
f 667 670 673 672
f 670 671 674 673
f 671 683 684 674
f 672 673 676 675
f 673 674 677 676
f 674 684 685 677
f 668 678 681 680
f 678 679 682 681
f 679 691 692 682
f 680 681 684 683
f 681 682 685 684
f 682 692 693 685
f 669 686 689 688
f 686 687 690 689
f 687 675 676 690
f 688 689 692 691
f 689 690 693 692
f 690 676 677 693
f 677 685 693
f 694 697 700 699
f 697 698 701 700
f 698 710 711 701
f 699 700 703 702
f 700 701 704 703
f 701 711 712 704
f 695 705 708 707
f 705 706 709 708
f 706 718 719 709
f 707 708 711 710
f 708 709 712 711
f 709 719 720 712
f 696 713 716 715
f 713 714 717 716
f 714 702 703 717
f 715 716 719 718
f 716 717 720 719
f 717 703 704 720
f 704 712 720
f 745 748 751 750
f 748 749 752 751
f 749 761 762 752
f 750 751 754 753
f 751 752 755 754
f 752 762 763 755
f 746 756 759 758
f 756 757 760 759
f 757 769 770 760
f 758 759 762 761
f 759 760 763 762
f 760 770 771 763
f 747 764 767 766
f 764 765 768 767
f 765 753 754 768
f 766 767 770 769
f 767 768 771 770
f 768 754 755 771
f 755 763 771
f 772 775 778 777
f 775 776 779 778
f 776 788 789 779
f 777 778 781 780
f 778 779 782 781
f 779 789 790 782
f 773 783 786 785
f 783 784 787 786
f 784 796 797 787
f 785 786 789 788
f 786 787 790 789
f 787 797 798 790
f 774 791 794 793
f 791 792 795 794
f 792 780 781 795
f 793 794 797 796
f 794 795 798 797
f 795 781 782 798
f 782 790 798
f 799 802 805 804
f 802 803 806 805
f 803 815 816 806
f 804 805 808 807
f 805 806 809 808
f 806 816 817 809
f 800 810 813 812
f 810 811 814 813
f 811 823 824 814
f 812 813 816 815
f 813 814 817 816
f 814 824 825 817
f 801 818 821 820
f 818 819 822 821
f 819 807 808 822
f 820 821 824 823
f 821 822 825 824
f 822 808 809 825
f 809 817 825
f 826 829 832 831
f 829 830 833 832
f 830 842 843 833
f 831 832 835 834
f 832 833 836 835
f 833 843 844 836
f 827 837 840 839
f 837 838 841 840
f 838 850 851 841
f 839 840 843 842
f 840 841 844 843
f 841 851 852 844
f 828 845 848 847
f 845 846 849 848
f 846 834 835 849
f 847 848 851 850
f 848 849 852 851
f 849 835 836 852
f 836 844 852
f 853 856 859 858
f 856 857 860 859
f 857 869 870 860
f 858 859 862 861
f 859 860 863 862
f 860 870 871 863
f 854 864 867 866
f 864 865 868 867
f 865 877 878 868
f 866 867 870 869
f 867 868 871 870
f 868 878 879 871
f 855 872 875 874
f 872 873 876 875
f 873 861 862 876
f 874 875 878 877
f 875 876 879 878
f 876 862 863 879
f 863 871 879
f 880 883 886 885
f 883 884 887 886
f 884 896 897 887
f 885 886 889 888
f 886 887 890 889
f 887 897 898 890
f 881 891 894 893
f 891 892 895 894
f 892 904 905 895
f 893 894 897 896
f 894 895 898 897
f 895 905 906 898
f 882 899 902 901
f 899 900 903 902
f 900 888 889 903
f 901 902 905 904
f 902 903 906 905
f 903 889 890 906
f 890 898 906
f 907 910 913 912
f 910 911 914 913
f 911 923 924 914
f 912 913 916 915
f 913 914 917 916
f 914 924 925 917
f 908 918 921 920
f 918 919 922 921
f 919 931 932 922
f 920 921 924 923
f 921 922 925 924
f 922 932 933 925
f 909 926 929 928
f 926 927 930 929
f 927 915 916 930
f 928 929 932 931
f 929 930 933 932
f 930 916 917 933
f 917 925 933
f 934 937 940 939
f 937 938 941 940
f 938 950 951 941
f 939 940 943 942
f 940 941 944 943
f 941 951 952 944
f 935 945 948 947
f 945 946 949 948
f 946 958 959 949
f 947 948 951 950
f 948 949 952 951
f 949 959 960 952
f 936 953 956 955
f 953 954 957 956
f 954 942 943 957
f 955 956 959 958
f 956 957 960 959
f 957 943 944 960
f 944 952 960
f 985 988 991 990
f 988 989 992 991
f 989 1001 1002 992
f 990 991 994 993
f 991 992 995 994
f 992 1002 1003 995
f 986 996 999 998
f 996 997 1000 999
f 997 1009 1010 1000
f 998 999 1002 1001
f 999 1000 1003 1002
f 1000 1010 1011 1003
f 987 1004 1007 1006
f 1004 1005 1008 1007
f 1005 993 994 1008
f 1006 1007 1010 1009
f 1007 1008 1011 1010
f 1008 994 995 1011
f 995 1003 1011
f 1012 1015 1018 1017
f 1015 1016 1019 1018
f 1016 1028 1029 1019
f 1017 1018 1021 1020
f 1018 1019 1022 1021
f 1019 1029 1030 1022
f 1013 1023 1026 1025
f 1023 1024 1027 1026
f 1024 1036 1037 1027
f 1025 1026 1029 1028
f 1026 1027 1030 1029
f 1027 1037 1038 1030
f 1014 1031 1034 1033
f 1031 1032 1035 1034
f 1032 1020 1021 1035
f 1033 1034 1037 1036
f 1034 1035 1038 1037
f 1035 1021 1022 1038
f 1022 1030 1038
f 1039 1042 1045 1044
f 1042 1043 1046 1045
f 1043 1055 1056 1046
f 1044 1045 1048 1047
f 1045 1046 1049 1048
f 1046 1056 1057 1049
f 1040 1050 1053 1052
f 1050 1051 1054 1053
f 1051 1063 1064 1054
f 1052 1053 1056 1055
f 1053 1054 1057 1056
f 1054 1064 1065 1057
f 1041 1058 1061 1060
f 1058 1059 1062 1061
f 1059 1047 1048 1062
f 1060 1061 1064 1063
f 1061 1062 1065 1064
f 1062 1048 1049 1065
f 1049 1057 1065
f 1066 1069 1072 1071
f 1069 1070 1073 1072
f 1070 1082 1083 1073
f 1071 1072 1075 1074
f 1072 1073 1076 1075
f 1073 1083 1084 1076
f 1067 1077 1080 1079
f 1077 1078 1081 1080
f 1078 1090 1091 1081
f 1079 1080 1083 1082
f 1080 1081 1084 1083
f 1081 1091 1092 1084
f 1068 1085 1088 1087
f 1085 1086 1089 1088
f 1086 1074 1075 1089
f 1087 1088 1091 1090
f 1088 1089 1092 1091
f 1089 1075 1076 1092
f 1076 1084 1092
f 1093 1096 1099 1098
f 1096 1097 1100 1099
f 1097 1109 1110 1100
f 1098 1099 1102 1101
f 1099 1100 1103 1102
f 1100 1110 1111 1103
f 1094 1104 1107 1106
f 1104 1105 1108 1107
f 1105 1117 1118 1108
f 1106 1107 1110 1109
f 1107 1108 1111 1110
f 1108 1118 1119 1111
f 1095 1112 1115 1114
f 1112 1113 1116 1115
f 1113 1101 1102 1116
f 1114 1115 1118 1117
f 1115 1116 1119 1118
f 1116 1102 1103 1119
f 1103 1111 1119
f 1120 1123 1126 1125
f 1123 1124 1127 1126
f 1124 1136 1137 1127
f 1125 1126 1129 1128
f 1126 1127 1130 1129
f 1127 1137 1138 1130
f 1121 1131 1134 1133
f 1131 1132 1135 1134
f 1132 1144 1145 1135
f 1133 1134 1137 1136
f 1134 1135 1138 1137
f 1135 1145 1146 1138
f 1122 1139 1142 1141
f 1139 1140 1143 1142
f 1140 1128 1129 1143
f 1141 1142 1145 1144
f 1142 1143 1146 1145
f 1143 1129 1130 1146
f 1130 1138 1146
f 1147 1150 1153 1152
f 1150 1151 1154 1153
f 1151 1163 1164 1154
f 1152 1153 1156 1155
f 1153 1154 1157 1156
f 1154 1164 1165 1157
f 1148 1158 1161 1160
f 1158 1159 1162 1161
f 1159 1171 1172 1162
f 1160 1161 1164 1163
f 1161 1162 1165 1164
f 1162 1172 1173 1165
f 1149 1166 1169 1168
f 1166 1167 1170 1169
f 1167 1155 1156 1170
f 1168 1169 1172 1171
f 1169 1170 1173 1172
f 1170 1156 1157 1173
f 1157 1165 1173
f 1174 1177 1180 1179
f 1177 1178 1181 1180
f 1178 1190 1191 1181
f 1179 1180 1183 1182
f 1180 1181 1184 1183
f 1181 1191 1192 1184
f 1175 1185 1188 1187
f 1185 1186 1189 1188
f 1186 1198 1199 1189
f 1187 1188 1191 1190
f 1188 1189 1192 1191
f 1189 1199 1200 1192
f 1176 1193 1196 1195
f 1193 1194 1197 1196
f 1194 1182 1183 1197
f 1195 1196 1199 1198
f 1196 1197 1200 1199
f 1197 1183 1184 1200
f 1184 1192 1200
f 1225 1228 1231 1230
f 1228 1229 1232 1231
f 1229 1241 1242 1232
f 1230 1231 1234 1233
f 1231 1232 1235 1234
f 1232 1242 1243 1235
f 1226 1236 1239 1238
f 1236 1237 1240 1239
f 1237 1249 1250 1240
f 1238 1239 1242 1241
f 1239 1240 1243 1242
f 1240 1250 1251 1243
f 1227 1244 1247 1246
f 1244 1245 1248 1247
f 1245 1233 1234 1248
f 1246 1247 1250 1249
f 1247 1248 1251 1250
f 1248 1234 1235 1251
f 1235 1243 1251
f 1252 1255 1258 1257
f 1255 1256 1259 1258
f 1256 1268 1269 1259
f 1257 1258 1261 1260
f 1258 1259 1262 1261
f 1259 1269 1270 1262
f 1253 1263 1266 1265
f 1263 1264 1267 1266
f 1264 1276 1277 1267
f 1265 1266 1269 1268
f 1266 1267 1270 1269
f 1267 1277 1278 1270
f 1254 1271 1274 1273
f 1271 1272 1275 1274
f 1272 1260 1261 1275
f 1273 1274 1277 1276
f 1274 1275 1278 1277
f 1275 1261 1262 1278
f 1262 1270 1278
f 1279 1282 1285 1284
f 1282 1283 1286 1285
f 1283 1295 1296 1286
f 1284 1285 1288 1287
f 1285 1286 1289 1288
f 1286 1296 1297 1289
f 1280 1290 1293 1292
f 1290 1291 1294 1293
f 1291 1303 1304 1294
f 1292 1293 1296 1295
f 1293 1294 1297 1296
f 1294 1304 1305 1297
f 1281 1298 1301 1300
f 1298 1299 1302 1301
f 1299 1287 1288 1302
f 1300 1301 1304 1303
f 1301 1302 1305 1304
f 1302 1288 1289 1305
f 1289 1297 1305
f 1306 1309 1312 1311
f 1309 1310 1313 1312
f 1310 1322 1323 1313
f 1311 1312 1315 1314
f 1312 1313 1316 1315
f 1313 1323 1324 1316
f 1307 1317 1320 1319
f 1317 1318 1321 1320
f 1318 1330 1331 1321
f 1319 1320 1323 1322
f 1320 1321 1324 1323
f 1321 1331 1332 1324
f 1308 1325 1328 1327
f 1325 1326 1329 1328
f 1326 1314 1315 1329
f 1327 1328 1331 1330
f 1328 1329 1332 1331
f 1329 1315 1316 1332
f 1316 1324 1332
f 1333 1336 1339 1338
f 1336 1337 1340 1339
f 1337 1349 1350 1340
f 1338 1339 1342 1341
f 1339 1340 1343 1342
f 1340 1350 1351 1343
f 1334 1344 1347 1346
f 1344 1345 1348 1347
f 1345 1357 1358 1348
f 1346 1347 1350 1349
f 1347 1348 1351 1350
f 1348 1358 1359 1351
f 1335 1352 1355 1354
f 1352 1353 1356 1355
f 1353 1341 1342 1356
f 1354 1355 1358 1357
f 1355 1356 1359 1358
f 1356 1342 1343 1359
f 1343 1351 1359
f 1360 1363 1366 1365
f 1363 1364 1367 1366
f 1364 1376 1377 1367
f 1365 1366 1369 1368
f 1366 1367 1370 1369
f 1367 1377 1378 1370
f 1361 1371 1374 1373
f 1371 1372 1375 1374
f 1372 1384 1385 1375
f 1373 1374 1377 1376
f 1374 1375 1378 1377
f 1375 1385 1386 1378
f 1362 1379 1382 1381
f 1379 1380 1383 1382
f 1380 1368 1369 1383
f 1381 1382 1385 1384
f 1382 1383 1386 1385
f 1383 1369 1370 1386
f 1370 1378 1386
f 1387 1390 1393 1392
f 1390 1391 1394 1393
f 1391 1403 1404 1394
f 1392 1393 1396 1395
f 1393 1394 1397 1396
f 1394 1404 1405 1397
f 1388 1398 1401 1400
f 1398 1399 1402 1401
f 1399 1411 1412 1402
f 1400 1401 1404 1403
f 1401 1402 1405 1404
f 1402 1412 1413 1405
f 1389 1406 1409 1408
f 1406 1407 1410 1409
f 1407 1395 1396 1410
f 1408 1409 1412 1411
f 1409 1410 1413 1412
f 1410 1396 1397 1413
f 1397 1405 1413
f 1414 1417 1420 1419
f 1417 1418 1421 1420
f 1418 1430 1431 1421
f 1419 1420 1423 1422
f 1420 1421 1424 1423
f 1421 1431 1432 1424
f 1415 1425 1428 1427
f 1425 1426 1429 1428
f 1426 1438 1439 1429
f 1427 1428 1431 1430
f 1428 1429 1432 1431
f 1429 1439 1440 1432
f 1416 1433 1436 1435
f 1433 1434 1437 1436
f 1434 1422 1423 1437
f 1435 1436 1439 1438
f 1436 1437 1440 1439
f 1437 1423 1424 1440
f 1424 1432 1440
f 1465 1468 1471 1470
f 1468 1469 1472 1471
f 1469 1481 1482 1472
f 1470 1471 1474 1473
f 1471 1472 1475 1474
f 1472 1482 1483 1475
f 1466 1476 1479 1478
f 1476 1477 1480 1479
f 1477 1489 1490 1480
f 1478 1479 1482 1481
f 1479 1480 1483 1482
f 1480 1490 1491 1483
f 1467 1484 1487 1486
f 1484 1485 1488 1487
f 1485 1473 1474 1488
f 1486 1487 1490 1489
f 1487 1488 1491 1490
f 1488 1474 1475 1491
f 1475 1483 1491
f 1492 1495 1498 1497
f 1495 1496 1499 1498
f 1496 1508 1509 1499
f 1497 1498 1501 1500
f 1498 1499 1502 1501
f 1499 1509 1510 1502
f 1493 1503 1506 1505
f 1503 1504 1507 1506
f 1504 1516 1517 1507
f 1505 1506 1509 1508
f 1506 1507 1510 1509
f 1507 1517 1518 1510
f 1494 1511 1514 1513
f 1511 1512 1515 1514
f 1512 1500 1501 1515
f 1513 1514 1517 1516
f 1514 1515 1518 1517
f 1515 1501 1502 1518
f 1502 1510 1518
f 1519 1522 1525 1524
f 1522 1523 1526 1525
f 1523 1535 1536 1526
f 1524 1525 1528 1527
f 1525 1526 1529 1528
f 1526 1536 1537 1529
f 1520 1530 1533 1532
f 1530 1531 1534 1533
f 1531 1543 1544 1534
f 1532 1533 1536 1535
f 1533 1534 1537 1536
f 1534 1544 1545 1537
f 1521 1538 1541 1540
f 1538 1539 1542 1541
f 1539 1527 1528 1542
f 1540 1541 1544 1543
f 1541 1542 1545 1544
f 1542 1528 1529 1545
f 1529 1537 1545
f 1546 1549 1552 1551
f 1549 1550 1553 1552
f 1550 1562 1563 1553
f 1551 1552 1555 1554
f 1552 1553 1556 1555
f 1553 1563 1564 1556
f 1547 1557 1560 1559
f 1557 1558 1561 1560
f 1558 1570 1571 1561
f 1559 1560 1563 1562
f 1560 1561 1564 1563
f 1561 1571 1572 1564
f 1548 1565 1568 1567
f 1565 1566 1569 1568
f 1566 1554 1555 1569
f 1567 1568 1571 1570
f 1568 1569 1572 1571
f 1569 1555 1556 1572
f 1556 1564 1572
f 1573 1576 1579 1578
f 1576 1577 1580 1579
f 1577 1589 1590 1580
f 1578 1579 1582 1581
f 1579 1580 1583 1582
f 1580 1590 1591 1583
f 1574 1584 1587 1586
f 1584 1585 1588 1587
f 1585 1597 1598 1588
f 1586 1587 1590 1589
f 1587 1588 1591 1590
f 1588 1598 1599 1591
f 1575 1592 1595 1594
f 1592 1593 1596 1595
f 1593 1581 1582 1596
f 1594 1595 1598 1597
f 1595 1596 1599 1598
f 1596 1582 1583 1599
f 1583 1591 1599
f 1600 1603 1606 1605
f 1603 1604 1607 1606
f 1604 1616 1617 1607
f 1605 1606 1609 1608
f 1606 1607 1610 1609
f 1607 1617 1618 1610
f 1601 1611 1614 1613
f 1611 1612 1615 1614
f 1612 1624 1625 1615
f 1613 1614 1617 1616
f 1614 1615 1618 1617
f 1615 1625 1626 1618
f 1602 1619 1622 1621
f 1619 1620 1623 1622
f 1620 1608 1609 1623
f 1621 1622 1625 1624
f 1622 1623 1626 1625
f 1623 1609 1610 1626
f 1610 1618 1626
f 1627 1630 1633 1632
f 1630 1631 1634 1633
f 1631 1643 1644 1634
f 1632 1633 1636 1635
f 1633 1634 1637 1636
f 1634 1644 1645 1637
f 1628 1638 1641 1640
f 1638 1639 1642 1641
f 1639 1651 1652 1642
f 1640 1641 1644 1643
f 1641 1642 1645 1644
f 1642 1652 1653 1645
f 1629 1646 1649 1648
f 1646 1647 1650 1649
f 1647 1635 1636 1650
f 1648 1649 1652 1651
f 1649 1650 1653 1652
f 1650 1636 1637 1653
f 1637 1645 1653
f 1654 1657 1660 1659
f 1657 1658 1661 1660
f 1658 1670 1671 1661
f 1659 1660 1663 1662
f 1660 1661 1664 1663
f 1661 1671 1672 1664
f 1655 1665 1668 1667
f 1665 1666 1669 1668
f 1666 1678 1679 1669
f 1667 1668 1671 1670
f 1668 1669 1672 1671
f 1669 1679 1680 1672
f 1656 1673 1676 1675
f 1673 1674 1677 1676
f 1674 1662 1663 1677
f 1675 1676 1679 1678
f 1676 1677 1680 1679
f 1677 1663 1664 1680
f 1664 1672 1680
f 1705 1708 1711 1710
f 1708 1709 1712 1711
f 1709 1721 1722 1712
f 1710 1711 1714 1713
f 1711 1712 1715 1714
f 1712 1722 1723 1715
f 1706 1716 1719 1718
f 1716 1717 1720 1719
f 1717 1729 1730 1720
f 1718 1719 1722 1721
f 1719 1720 1723 1722
f 1720 1730 1731 1723
f 1707 1724 1727 1726
f 1724 1725 1728 1727
f 1725 1713 1714 1728
f 1726 1727 1730 1729
f 1727 1728 1731 1730
f 1728 1714 1715 1731
f 1715 1723 1731
f 1732 1735 1738 1737
f 1735 1736 1739 1738
f 1736 1748 1749 1739
f 1737 1738 1741 1740
f 1738 1739 1742 1741
f 1739 1749 1750 1742
f 1733 1743 1746 1745
f 1743 1744 1747 1746
f 1744 1756 1757 1747
f 1745 1746 1749 1748
f 1746 1747 1750 1749
f 1747 1757 1758 1750
f 1734 1751 1754 1753
f 1751 1752 1755 1754
f 1752 1740 1741 1755
f 1753 1754 1757 1756
f 1754 1755 1758 1757
f 1755 1741 1742 1758
f 1742 1750 1758
f 1759 1762 1765 1764
f 1762 1763 1766 1765
f 1763 1775 1776 1766
f 1764 1765 1768 1767
f 1765 1766 1769 1768
f 1766 1776 1777 1769
f 1760 1770 1773 1772
f 1770 1771 1774 1773
f 1771 1783 1784 1774
f 1772 1773 1776 1775
f 1773 1774 1777 1776
f 1774 1784 1785 1777
f 1761 1778 1781 1780
f 1778 1779 1782 1781
f 1779 1767 1768 1782
f 1780 1781 1784 1783
f 1781 1782 1785 1784
f 1782 1768 1769 1785
f 1769 1777 1785
f 1786 1789 1792 1791
f 1789 1790 1793 1792
f 1790 1802 1803 1793
f 1791 1792 1795 1794
f 1792 1793 1796 1795
f 1793 1803 1804 1796
f 1787 1797 1800 1799
f 1797 1798 1801 1800
f 1798 1810 1811 1801
f 1799 1800 1803 1802
f 1800 1801 1804 1803
f 1801 1811 1812 1804
f 1788 1805 1808 1807
f 1805 1806 1809 1808
f 1806 1794 1795 1809
f 1807 1808 1811 1810
f 1808 1809 1812 1811
f 1809 1795 1796 1812
f 1796 1804 1812
f 1813 1816 1819 1818
f 1816 1817 1820 1819
f 1817 1829 1830 1820
f 1818 1819 1822 1821
f 1819 1820 1823 1822
f 1820 1830 1831 1823
f 1814 1824 1827 1826
f 1824 1825 1828 1827
f 1825 1837 1838 1828
f 1826 1827 1830 1829
f 1827 1828 1831 1830
f 1828 1838 1839 1831
f 1815 1832 1835 1834
f 1832 1833 1836 1835
f 1833 1821 1822 1836
f 1834 1835 1838 1837
f 1835 1836 1839 1838
f 1836 1822 1823 1839
f 1823 1831 1839
f 1840 1843 1846 1845
f 1843 1844 1847 1846
f 1844 1856 1857 1847
f 1845 1846 1849 1848
f 1846 1847 1850 1849
f 1847 1857 1858 1850
f 1841 1851 1854 1853
f 1851 1852 1855 1854
f 1852 1864 1865 1855
f 1853 1854 1857 1856
f 1854 1855 1858 1857
f 1855 1865 1866 1858
f 1842 1859 1862 1861
f 1859 1860 1863 1862
f 1860 1848 1849 1863
f 1861 1862 1865 1864
f 1862 1863 1866 1865
f 1863 1849 1850 1866
f 1850 1858 1866
f 1867 1870 1873 1872
f 1870 1871 1874 1873
f 1871 1883 1884 1874
f 1872 1873 1876 1875
f 1873 1874 1877 1876
f 1874 1884 1885 1877
f 1868 1878 1881 1880
f 1878 1879 1882 1881
f 1879 1891 1892 1882
f 1880 1881 1884 1883
f 1881 1882 1885 1884
f 1882 1892 1893 1885
f 1869 1886 1889 1888
f 1886 1887 1890 1889
f 1887 1875 1876 1890
f 1888 1889 1892 1891
f 1889 1890 1893 1892
f 1890 1876 1877 1893
f 1877 1885 1893
f 1894 1897 1900 1899
f 1897 1898 1901 1900
f 1898 1910 1911 1901
f 1899 1900 1903 1902
f 1900 1901 1904 1903
f 1901 1911 1912 1904
f 1895 1905 1908 1907
f 1905 1906 1909 1908
f 1906 1918 1919 1909
f 1907 1908 1911 1910
f 1908 1909 1912 1911
f 1909 1919 1920 1912
f 1896 1913 1916 1915
f 1913 1914 1917 1916
f 1914 1902 1903 1917
f 1915 1916 1919 1918
f 1916 1917 1920 1919
f 1917 1903 1904 1920
f 1904 1912 1920
f 1945 1948 1951 1950
f 1948 1949 1952 1951
f 1949 1961 1962 1952
f 1950 1951 1954 1953
f 1951 1952 1955 1954
f 1952 1962 1963 1955
f 1946 1956 1959 1958
f 1956 1957 1960 1959
f 1957 1969 1970 1960
f 1958 1959 1962 1961
f 1959 1960 1963 1962
f 1960 1970 1971 1963
f 1947 1964 1967 1966
f 1964 1965 1968 1967
f 1965 1953 1954 1968
f 1966 1967 1970 1969
f 1967 1968 1971 1970
f 1968 1954 1955 1971
f 1955 1963 1971
f 1972 1975 1978 1977
f 1975 1976 1979 1978
f 1976 1988 1989 1979
f 1977 1978 1981 1980
f 1978 1979 1982 1981
f 1979 1989 1990 1982
f 1973 1983 1986 1985
f 1983 1984 1987 1986
f 1984 1996 1997 1987
f 1985 1986 1989 1988
f 1986 1987 1990 1989
f 1987 1997 1998 1990
f 1974 1991 1994 1993
f 1991 1992 1995 1994
f 1992 1980 1981 1995
f 1993 1994 1997 1996
f 1994 1995 1998 1997
f 1995 1981 1982 1998
f 1982 1990 1998
f 1999 2002 2005 2004
f 2002 2003 2006 2005
f 2003 2015 2016 2006
f 2004 2005 2008 2007
f 2005 2006 2009 2008
f 2006 2016 2017 2009
f 2000 2010 2013 2012
f 2010 2011 2014 2013
f 2011 2023 2024 2014
f 2012 2013 2016 2015
f 2013 2014 2017 2016
f 2014 2024 2025 2017
f 2001 2018 2021 2020
f 2018 2019 2022 2021
f 2019 2007 2008 2022
f 2020 2021 2024 2023
f 2021 2022 2025 2024
f 2022 2008 2009 2025
f 2009 2017 2025
f 2026 2029 2032 2031
f 2029 2030 2033 2032
f 2030 2042 2043 2033
f 2031 2032 2035 2034
f 2032 2033 2036 2035
f 2033 2043 2044 2036
f 2027 2037 2040 2039
f 2037 2038 2041 2040
f 2038 2050 2051 2041
f 2039 2040 2043 2042
f 2040 2041 2044 2043
f 2041 2051 2052 2044
f 2028 2045 2048 2047
f 2045 2046 2049 2048
f 2046 2034 2035 2049
f 2047 2048 2051 2050
f 2048 2049 2052 2051
f 2049 2035 2036 2052
f 2036 2044 2052
f 2053 2056 2059 2058
f 2056 2057 2060 2059
f 2057 2069 2070 2060
f 2058 2059 2062 2061
f 2059 2060 2063 2062
f 2060 2070 2071 2063
f 2054 2064 2067 2066
f 2064 2065 2068 2067
f 2065 2077 2078 2068
f 2066 2067 2070 2069
f 2067 2068 2071 2070
f 2068 2078 2079 2071
f 2055 2072 2075 2074
f 2072 2073 2076 2075
f 2073 2061 2062 2076
f 2074 2075 2078 2077
f 2075 2076 2079 2078
f 2076 2062 2063 2079
f 2063 2071 2079
f 2080 2083 2086 2085
f 2083 2084 2087 2086
f 2084 2096 2097 2087
f 2085 2086 2089 2088
f 2086 2087 2090 2089
f 2087 2097 2098 2090
f 2081 2091 2094 2093
f 2091 2092 2095 2094
f 2092 2104 2105 2095
f 2093 2094 2097 2096
f 2094 2095 2098 2097
f 2095 2105 2106 2098
f 2082 2099 2102 2101
f 2099 2100 2103 2102
f 2100 2088 2089 2103
f 2101 2102 2105 2104
f 2102 2103 2106 2105
f 2103 2089 2090 2106
f 2090 2098 2106
f 2107 2110 2113 2112
f 2110 2111 2114 2113
f 2111 2123 2124 2114
f 2112 2113 2116 2115
f 2113 2114 2117 2116
f 2114 2124 2125 2117
f 2108 2118 2121 2120
f 2118 2119 2122 2121
f 2119 2131 2132 2122
f 2120 2121 2124 2123
f 2121 2122 2125 2124
f 2122 2132 2133 2125
f 2109 2126 2129 2128
f 2126 2127 2130 2129
f 2127 2115 2116 2130
f 2128 2129 2132 2131
f 2129 2130 2133 2132
f 2130 2116 2117 2133
f 2117 2125 2133
f 2134 2137 2140 2139
f 2137 2138 2141 2140
f 2138 2150 2151 2141
f 2139 2140 2143 2142
f 2140 2141 2144 2143
f 2141 2151 2152 2144
f 2135 2145 2148 2147
f 2145 2146 2149 2148
f 2146 2158 2159 2149
f 2147 2148 2151 2150
f 2148 2149 2152 2151
f 2149 2159 2160 2152
f 2136 2153 2156 2155
f 2153 2154 2157 2156
f 2154 2142 2143 2157
f 2155 2156 2159 2158
f 2156 2157 2160 2159
f 2157 2143 2144 2160
f 2144 2152 2160
f 2185 2188 2191 2190
f 2188 2189 2192 2191
f 2189 2201 2202 2192
f 2190 2191 2194 2193
f 2191 2192 2195 2194
f 2192 2202 2203 2195
f 2186 2196 2199 2198
f 2196 2197 2200 2199
f 2197 2209 2210 2200
f 2198 2199 2202 2201
f 2199 2200 2203 2202
f 2200 2210 2211 2203
f 2187 2204 2207 2206
f 2204 2205 2208 2207
f 2205 2193 2194 2208
f 2206 2207 2210 2209
f 2207 2208 2211 2210
f 2208 2194 2195 2211
f 2195 2203 2211
f 2212 2215 2218 2217
f 2215 2216 2219 2218
f 2216 2228 2229 2219
f 2217 2218 2221 2220
f 2218 2219 2222 2221
f 2219 2229 2230 2222
f 2213 2223 2226 2225
f 2223 2224 2227 2226
f 2224 2236 2237 2227
f 2225 2226 2229 2228
f 2226 2227 2230 2229
f 2227 2237 2238 2230
f 2214 2231 2234 2233
f 2231 2232 2235 2234
f 2232 2220 2221 2235
f 2233 2234 2237 2236
f 2234 2235 2238 2237
f 2235 2221 2222 2238
f 2222 2230 2238
f 2239 2242 2245 2244
f 2242 2243 2246 2245
f 2243 2255 2256 2246
f 2244 2245 2248 2247
f 2245 2246 2249 2248
f 2246 2256 2257 2249
f 2240 2250 2253 2252
f 2250 2251 2254 2253
f 2251 2263 2264 2254
f 2252 2253 2256 2255
f 2253 2254 2257 2256
f 2254 2264 2265 2257
f 2241 2258 2261 2260
f 2258 2259 2262 2261
f 2259 2247 2248 2262
f 2260 2261 2264 2263
f 2261 2262 2265 2264
f 2262 2248 2249 2265
f 2249 2257 2265
f 2266 2269 2272 2271
f 2269 2270 2273 2272
f 2270 2282 2283 2273
f 2271 2272 2275 2274
f 2272 2273 2276 2275
f 2273 2283 2284 2276
f 2267 2277 2280 2279
f 2277 2278 2281 2280
f 2278 2290 2291 2281
f 2279 2280 2283 2282
f 2280 2281 2284 2283
f 2281 2291 2292 2284
f 2268 2285 2288 2287
f 2285 2286 2289 2288
f 2286 2274 2275 2289
f 2287 2288 2291 2290
f 2288 2289 2292 2291
f 2289 2275 2276 2292
f 2276 2284 2292
f 2293 2296 2299 2298
f 2296 2297 2300 2299
f 2297 2309 2310 2300
f 2298 2299 2302 2301
f 2299 2300 2303 2302
f 2300 2310 2311 2303
f 2294 2304 2307 2306
f 2304 2305 2308 2307
f 2305 2317 2318 2308
f 2306 2307 2310 2309
f 2307 2308 2311 2310
f 2308 2318 2319 2311
f 2295 2312 2315 2314
f 2312 2313 2316 2315
f 2313 2301 2302 2316
f 2314 2315 2318 2317
f 2315 2316 2319 2318
f 2316 2302 2303 2319
f 2303 2311 2319
f 2320 2323 2326 2325
f 2323 2324 2327 2326
f 2324 2336 2337 2327
f 2325 2326 2329 2328
f 2326 2327 2330 2329
f 2327 2337 2338 2330
f 2321 2331 2334 2333
f 2331 2332 2335 2334
f 2332 2344 2345 2335
f 2333 2334 2337 2336
f 2334 2335 2338 2337
f 2335 2345 2346 2338
f 2322 2339 2342 2341
f 2339 2340 2343 2342
f 2340 2328 2329 2343
f 2341 2342 2345 2344
f 2342 2343 2346 2345
f 2343 2329 2330 2346
f 2330 2338 2346
f 2347 2350 2353 2352
f 2350 2351 2354 2353
f 2351 2363 2364 2354
f 2352 2353 2356 2355
f 2353 2354 2357 2356
f 2354 2364 2365 2357
f 2348 2358 2361 2360
f 2358 2359 2362 2361
f 2359 2371 2372 2362
f 2360 2361 2364 2363
f 2361 2362 2365 2364
f 2362 2372 2373 2365
f 2349 2366 2369 2368
f 2366 2367 2370 2369
f 2367 2355 2356 2370
f 2368 2369 2372 2371
f 2369 2370 2373 2372
f 2370 2356 2357 2373
f 2357 2365 2373
f 2374 2377 2380 2379
f 2377 2378 2381 2380
f 2378 2390 2391 2381
f 2379 2380 2383 2382
f 2380 2381 2384 2383
f 2381 2391 2392 2384
f 2375 2385 2388 2387
f 2385 2386 2389 2388
f 2386 2398 2399 2389
f 2387 2388 2391 2390
f 2388 2389 2392 2391
f 2389 2399 2400 2392
f 2376 2393 2396 2395
f 2393 2394 2397 2396
f 2394 2382 2383 2397
f 2395 2396 2399 2398
f 2396 2397 2400 2399
f 2397 2383 2384 2400
f 2384 2392 2400
f 79 13 15 82
f 82 15 16 83
f 83 16 17 95
f 95 17 18 92
f 92 18 14 80
f 20 106 111 24
f 24 111 114 23
f 23 114 126 22
f 22 126 125 21
f 21 125 108 19
f 107 81 100 117
f 117 100 103 118
f 118 103 91 130
f 130 91 90 127
f 127 90 80 108
f 25 79 84 28
f 28 84 87 29
f 29 87 99 41
f 41 99 98 38
f 38 98 81 26
f 106 52 57 109
f 109 57 60 110
f 110 60 72 122
f 122 72 71 119
f 119 71 54 107
f 53 27 46 63
f 63 46 49 64
f 64 49 37 76
f 76 37 36 73
f 73 36 26 54
f 2 25 30 6
f 6 30 33 5
f 5 33 45 4
f 4 45 44 3
f 3 44 27 1
f 52 7 9 55
f 55 9 10 56
f 56 10 11 68
f 68 11 12 65
f 65 12 8 53
f 133 160 165 136
f 136 165 168 137
f 137 168 180 149
f 149 180 179 146
f 146 179 162 134
f 161 187 192 171
f 171 192 195 172
f 172 195 207 184
f 184 207 206 181
f 181 206 189 162
f 188 214 219 198
f 198 219 222 199
f 199 222 234 211
f 211 234 233 208
f 208 233 216 189
f 215 135 154 225
f 225 154 157 226
f 226 157 145 238
f 238 145 144 235
f 235 144 134 216
f 19 215 227 21
f 21 227 230 22
f 22 230 218 23
f 23 218 217 24
f 24 217 214 20
f 187 8 12 190
f 190 12 11 191
f 191 11 10 203
f 203 10 9 200
f 200 9 7 188
f 1 161 173 3
f 3 173 176 4
f 4 176 164 5
f 5 164 163 6
f 6 163 160 2
f 135 14 18 152
f 152 18 17 153
f 153 17 16 141
f 141 16 15 138
f 138 15 13 133
f 319 253 255 322
f 322 255 256 323
f 323 256 257 335
f 335 257 258 332
f 332 258 254 320
f 260 346 351 264
f 264 351 354 263
f 263 354 366 262
f 262 366 365 261
f 261 365 348 259
f 347 321 340 357
f 357 340 343 358
f 358 343 331 370
f 370 331 330 367
f 367 330 320 348
f 265 319 324 268
f 268 324 327 269
f 269 327 339 281
f 281 339 338 278
f 278 338 321 266
f 346 292 297 349
f 349 297 300 350
f 350 300 312 362
f 362 312 311 359
f 359 311 294 347
f 293 267 286 303
f 303 286 289 304
f 304 289 277 316
f 316 277 276 313
f 313 276 266 294
f 242 265 270 246
f 246 270 273 245
f 245 273 285 244
f 244 285 284 243
f 243 284 267 241
f 292 247 249 295
f 295 249 250 296
f 296 250 251 308
f 308 251 252 305
f 305 252 248 293
f 373 400 405 376
f 376 405 408 377
f 377 408 420 389
f 389 420 419 386
f 386 419 402 374
f 401 427 432 411
f 411 432 435 412
f 412 435 447 424
f 424 447 446 421
f 421 446 429 402
f 428 454 459 438
f 438 459 462 439
f 439 462 474 451
f 451 474 473 448
f 448 473 456 429
f 455 375 394 465
f 465 394 397 466
f 466 397 385 478
f 478 385 384 475
f 475 384 374 456
f 259 455 467 261
f 261 467 470 262
f 262 470 458 263
f 263 458 457 264
f 264 457 454 260
f 427 248 252 430
f 430 252 251 431
f 431 251 250 443
f 443 250 249 440
f 440 249 247 428
f 241 401 413 243
f 243 413 416 244
f 244 416 404 245
f 245 404 403 246
f 246 403 400 242
f 375 254 258 392
f 392 258 257 393
f 393 257 256 381
f 381 256 255 378
f 378 255 253 373
f 559 493 495 562
f 562 495 496 563
f 563 496 497 575
f 575 497 498 572
f 572 498 494 560
f 500 586 591 504
f 504 591 594 503
f 503 594 606 502
f 502 606 605 501
f 501 605 588 499
f 587 561 580 597
f 597 580 583 598
f 598 583 571 610
f 610 571 570 607
f 607 570 560 588
f 505 559 564 508
f 508 564 567 509
f 509 567 579 521
f 521 579 578 518
f 518 578 561 506
f 586 532 537 589
f 589 537 540 590
f 590 540 552 602
f 602 552 551 599
f 599 551 534 587
f 533 507 526 543
f 543 526 529 544
f 544 529 517 556
f 556 517 516 553
f 553 516 506 534
f 482 505 510 486
f 486 510 513 485
f 485 513 525 484
f 484 525 524 483
f 483 524 507 481
f 532 487 489 535
f 535 489 490 536
f 536 490 491 548
f 548 491 492 545
f 545 492 488 533
f 613 640 645 616
f 616 645 648 617
f 617 648 660 629
f 629 660 659 626
f 626 659 642 614
f 641 667 672 651
f 651 672 675 652
f 652 675 687 664
f 664 687 686 661
f 661 686 669 642
f 668 694 699 678
f 678 699 702 679
f 679 702 714 691
f 691 714 713 688
f 688 713 696 669
f 695 615 634 705
f 705 634 637 706
f 706 637 625 718
f 718 625 624 715
f 715 624 614 696
f 499 695 707 501
f 501 707 710 502
f 502 710 698 503
f 503 698 697 504
f 504 697 694 500
f 667 488 492 670
f 670 492 491 671
f 671 491 490 683
f 683 490 489 680
f 680 489 487 668
f 481 641 653 483
f 483 653 656 484
f 484 656 644 485
f 485 644 643 486
f 486 643 640 482
f 615 494 498 632
f 632 498 497 633
f 633 497 496 621
f 621 496 495 618
f 618 495 493 613
f 799 733 735 802
f 802 735 736 803
f 803 736 737 815
f 815 737 738 812
f 812 738 734 800
f 740 826 831 744
f 744 831 834 743
f 743 834 846 742
f 742 846 845 741
f 741 845 828 739
f 827 801 820 837
f 837 820 823 838
f 838 823 811 850
f 850 811 810 847
f 847 810 800 828
f 745 799 804 748
f 748 804 807 749
f 749 807 819 761
f 761 819 818 758
f 758 818 801 746
f 826 772 777 829
f 829 777 780 830
f 830 780 792 842
f 842 792 791 839
f 839 791 774 827
f 773 747 766 783
f 783 766 769 784
f 784 769 757 796
f 796 757 756 793
f 793 756 746 774
f 722 745 750 726
f 726 750 753 725
f 725 753 765 724
f 724 765 764 723
f 723 764 747 721
f 772 727 729 775
f 775 729 730 776
f 776 730 731 788
f 788 731 732 785
f 785 732 728 773
f 853 880 885 856
f 856 885 888 857
f 857 888 900 869
f 869 900 899 866
f 866 899 882 854
f 881 907 912 891
f 891 912 915 892
f 892 915 927 904
f 904 927 926 901
f 901 926 909 882
f 908 934 939 918
f 918 939 942 919
f 919 942 954 931
f 931 954 953 928
f 928 953 936 909
f 935 855 874 945
f 945 874 877 946
f 946 877 865 958
f 958 865 864 955
f 955 864 854 936
f 739 935 947 741
f 741 947 950 742
f 742 950 938 743
f 743 938 937 744
f 744 937 934 740
f 907 728 732 910
f 910 732 731 911
f 911 731 730 923
f 923 730 729 920
f 920 729 727 908
f 721 881 893 723
f 723 893 896 724
f 724 896 884 725
f 725 884 883 726
f 726 883 880 722
f 855 734 738 872
f 872 738 737 873
f 873 737 736 861
f 861 736 735 858
f 858 735 733 853
f 1039 973 975 1042
f 1042 975 976 1043
f 1043 976 977 1055
f 1055 977 978 1052
f 1052 978 974 1040
f 980 1066 1071 984
f 984 1071 1074 983
f 983 1074 1086 982
f 982 1086 1085 981
f 981 1085 1068 979
f 1067 1041 1060 1077
f 1077 1060 1063 1078
f 1078 1063 1051 1090
f 1090 1051 1050 1087
f 1087 1050 1040 1068
f 985 1039 1044 988
f 988 1044 1047 989
f 989 1047 1059 1001
f 1001 1059 1058 998
f 998 1058 1041 986
f 1066 1012 1017 1069
f 1069 1017 1020 1070
f 1070 1020 1032 1082
f 1082 1032 1031 1079
f 1079 1031 1014 1067
f 1013 987 1006 1023
f 1023 1006 1009 1024
f 1024 1009 997 1036
f 1036 997 996 1033
f 1033 996 986 1014
f 962 985 990 966
f 966 990 993 965
f 965 993 1005 964
f 964 1005 1004 963
f 963 1004 987 961
f 1012 967 969 1015
f 1015 969 970 1016
f 1016 970 971 1028
f 1028 971 972 1025
f 1025 972 968 1013
f 1093 1120 1125 1096
f 1096 1125 1128 1097
f 1097 1128 1140 1109
f 1109 1140 1139 1106
f 1106 1139 1122 1094
f 1121 1147 1152 1131
f 1131 1152 1155 1132
f 1132 1155 1167 1144
f 1144 1167 1166 1141
f 1141 1166 1149 1122
f 1148 1174 1179 1158
f 1158 1179 1182 1159
f 1159 1182 1194 1171
f 1171 1194 1193 1168
f 1168 1193 1176 1149
f 1175 1095 1114 1185
f 1185 1114 1117 1186
f 1186 1117 1105 1198
f 1198 1105 1104 1195
f 1195 1104 1094 1176
f 979 1175 1187 981
f 981 1187 1190 982
f 982 1190 1178 983
f 983 1178 1177 984
f 984 1177 1174 980
f 1147 968 972 1150
f 1150 972 971 1151
f 1151 971 970 1163
f 1163 970 969 1160
f 1160 969 967 1148
f 961 1121 1133 963
f 963 1133 1136 964
f 964 1136 1124 965
f 965 1124 1123 966
f 966 1123 1120 962
f 1095 974 978 1112
f 1112 978 977 1113
f 1113 977 976 1101
f 1101 976 975 1098
f 1098 975 973 1093
f 1279 1213 1215 1282
f 1282 1215 1216 1283
f 1283 1216 1217 1295
f 1295 1217 1218 1292
f 1292 1218 1214 1280
f 1220 1306 1311 1224
f 1224 1311 1314 1223
f 1223 1314 1326 1222
f 1222 1326 1325 1221
f 1221 1325 1308 1219
f 1307 1281 1300 1317
f 1317 1300 1303 1318
f 1318 1303 1291 1330
f 1330 1291 1290 1327
f 1327 1290 1280 1308
f 1225 1279 1284 1228
f 1228 1284 1287 1229
f 1229 1287 1299 1241
f 1241 1299 1298 1238
f 1238 1298 1281 1226
f 1306 1252 1257 1309
f 1309 1257 1260 1310
f 1310 1260 1272 1322
f 1322 1272 1271 1319
f 1319 1271 1254 1307
f 1253 1227 1246 1263
f 1263 1246 1249 1264
f 1264 1249 1237 1276
f 1276 1237 1236 1273
f 1273 1236 1226 1254
f 1202 1225 1230 1206
f 1206 1230 1233 1205
f 1205 1233 1245 1204
f 1204 1245 1244 1203
f 1203 1244 1227 1201
f 1252 1207 1209 1255
f 1255 1209 1210 1256
f 1256 1210 1211 1268
f 1268 1211 1212 1265
f 1265 1212 1208 1253
f 1333 1360 1365 1336
f 1336 1365 1368 1337
f 1337 1368 1380 1349
f 1349 1380 1379 1346
f 1346 1379 1362 1334
f 1361 1387 1392 1371
f 1371 1392 1395 1372
f 1372 1395 1407 1384
f 1384 1407 1406 1381
f 1381 1406 1389 1362
f 1388 1414 1419 1398
f 1398 1419 1422 1399
f 1399 1422 1434 1411
f 1411 1434 1433 1408
f 1408 1433 1416 1389
f 1415 1335 1354 1425
f 1425 1354 1357 1426
f 1426 1357 1345 1438
f 1438 1345 1344 1435
f 1435 1344 1334 1416
f 1219 1415 1427 1221
f 1221 1427 1430 1222
f 1222 1430 1418 1223
f 1223 1418 1417 1224
f 1224 1417 1414 1220
f 1387 1208 1212 1390
f 1390 1212 1211 1391
f 1391 1211 1210 1403
f 1403 1210 1209 1400
f 1400 1209 1207 1388
f 1201 1361 1373 1203
f 1203 1373 1376 1204
f 1204 1376 1364 1205
f 1205 1364 1363 1206
f 1206 1363 1360 1202
f 1335 1214 1218 1352
f 1352 1218 1217 1353
f 1353 1217 1216 1341
f 1341 1216 1215 1338
f 1338 1215 1213 1333
f 1519 1453 1455 1522
f 1522 1455 1456 1523
f 1523 1456 1457 1535
f 1535 1457 1458 1532
f 1532 1458 1454 1520
f 1460 1546 1551 1464
f 1464 1551 1554 1463
f 1463 1554 1566 1462
f 1462 1566 1565 1461
f 1461 1565 1548 1459
f 1547 1521 1540 1557
f 1557 1540 1543 1558
f 1558 1543 1531 1570
f 1570 1531 1530 1567
f 1567 1530 1520 1548
f 1465 1519 1524 1468
f 1468 1524 1527 1469
f 1469 1527 1539 1481
f 1481 1539 1538 1478
f 1478 1538 1521 1466
f 1546 1492 1497 1549
f 1549 1497 1500 1550
f 1550 1500 1512 1562
f 1562 1512 1511 1559
f 1559 1511 1494 1547
f 1493 1467 1486 1503
f 1503 1486 1489 1504
f 1504 1489 1477 1516
f 1516 1477 1476 1513
f 1513 1476 1466 1494
f 1442 1465 1470 1446
f 1446 1470 1473 1445
f 1445 1473 1485 1444
f 1444 1485 1484 1443
f 1443 1484 1467 1441
f 1492 1447 1449 1495
f 1495 1449 1450 1496
f 1496 1450 1451 1508
f 1508 1451 1452 1505
f 1505 1452 1448 1493
f 1573 1600 1605 1576
f 1576 1605 1608 1577
f 1577 1608 1620 1589
f 1589 1620 1619 1586
f 1586 1619 1602 1574
f 1601 1627 1632 1611
f 1611 1632 1635 1612
f 1612 1635 1647 1624
f 1624 1647 1646 1621
f 1621 1646 1629 1602
f 1628 1654 1659 1638
f 1638 1659 1662 1639
f 1639 1662 1674 1651
f 1651 1674 1673 1648
f 1648 1673 1656 1629
f 1655 1575 1594 1665
f 1665 1594 1597 1666
f 1666 1597 1585 1678
f 1678 1585 1584 1675
f 1675 1584 1574 1656
f 1459 1655 1667 1461
f 1461 1667 1670 1462
f 1462 1670 1658 1463
f 1463 1658 1657 1464
f 1464 1657 1654 1460
f 1627 1448 1452 1630
f 1630 1452 1451 1631
f 1631 1451 1450 1643
f 1643 1450 1449 1640
f 1640 1449 1447 1628
f 1441 1601 1613 1443
f 1443 1613 1616 1444
f 1444 1616 1604 1445
f 1445 1604 1603 1446
f 1446 1603 1600 1442
f 1575 1454 1458 1592
f 1592 1458 1457 1593
f 1593 1457 1456 1581
f 1581 1456 1455 1578
f 1578 1455 1453 1573
f 1759 1693 1695 1762
f 1762 1695 1696 1763
f 1763 1696 1697 1775
f 1775 1697 1698 1772
f 1772 1698 1694 1760
f 1700 1786 1791 1704
f 1704 1791 1794 1703
f 1703 1794 1806 1702
f 1702 1806 1805 1701
f 1701 1805 1788 1699
f 1787 1761 1780 1797
f 1797 1780 1783 1798
f 1798 1783 1771 1810
f 1810 1771 1770 1807
f 1807 1770 1760 1788
f 1705 1759 1764 1708
f 1708 1764 1767 1709
f 1709 1767 1779 1721
f 1721 1779 1778 1718
f 1718 1778 1761 1706
f 1786 1732 1737 1789
f 1789 1737 1740 1790
f 1790 1740 1752 1802
f 1802 1752 1751 1799
f 1799 1751 1734 1787
f 1733 1707 1726 1743
f 1743 1726 1729 1744
f 1744 1729 1717 1756
f 1756 1717 1716 1753
f 1753 1716 1706 1734
f 1682 1705 1710 1686
f 1686 1710 1713 1685
f 1685 1713 1725 1684
f 1684 1725 1724 1683
f 1683 1724 1707 1681
f 1732 1687 1689 1735
f 1735 1689 1690 1736
f 1736 1690 1691 1748
f 1748 1691 1692 1745
f 1745 1692 1688 1733
f 1813 1840 1845 1816
f 1816 1845 1848 1817
f 1817 1848 1860 1829
f 1829 1860 1859 1826
f 1826 1859 1842 1814
f 1841 1867 1872 1851
f 1851 1872 1875 1852
f 1852 1875 1887 1864
f 1864 1887 1886 1861
f 1861 1886 1869 1842
f 1868 1894 1899 1878
f 1878 1899 1902 1879
f 1879 1902 1914 1891
f 1891 1914 1913 1888
f 1888 1913 1896 1869
f 1895 1815 1834 1905
f 1905 1834 1837 1906
f 1906 1837 1825 1918
f 1918 1825 1824 1915
f 1915 1824 1814 1896
f 1699 1895 1907 1701
f 1701 1907 1910 1702
f 1702 1910 1898 1703
f 1703 1898 1897 1704
f 1704 1897 1894 1700
f 1867 1688 1692 1870
f 1870 1692 1691 1871
f 1871 1691 1690 1883
f 1883 1690 1689 1880
f 1880 1689 1687 1868
f 1681 1841 1853 1683
f 1683 1853 1856 1684
f 1684 1856 1844 1685
f 1685 1844 1843 1686
f 1686 1843 1840 1682
f 1815 1694 1698 1832
f 1832 1698 1697 1833
f 1833 1697 1696 1821
f 1821 1696 1695 1818
f 1818 1695 1693 1813
f 1999 1933 1935 2002
f 2002 1935 1936 2003
f 2003 1936 1937 2015
f 2015 1937 1938 2012
f 2012 1938 1934 2000
f 1940 2026 2031 1944
f 1944 2031 2034 1943
f 1943 2034 2046 1942
f 1942 2046 2045 1941
f 1941 2045 2028 1939
f 2027 2001 2020 2037
f 2037 2020 2023 2038
f 2038 2023 2011 2050
f 2050 2011 2010 2047
f 2047 2010 2000 2028
f 1945 1999 2004 1948
f 1948 2004 2007 1949
f 1949 2007 2019 1961
f 1961 2019 2018 1958
f 1958 2018 2001 1946
f 2026 1972 1977 2029
f 2029 1977 1980 2030
f 2030 1980 1992 2042
f 2042 1992 1991 2039
f 2039 1991 1974 2027
f 1973 1947 1966 1983
f 1983 1966 1969 1984
f 1984 1969 1957 1996
f 1996 1957 1956 1993
f 1993 1956 1946 1974
f 1922 1945 1950 1926
f 1926 1950 1953 1925
f 1925 1953 1965 1924
f 1924 1965 1964 1923
f 1923 1964 1947 1921
f 1972 1927 1929 1975
f 1975 1929 1930 1976
f 1976 1930 1931 1988
f 1988 1931 1932 1985
f 1985 1932 1928 1973
f 2053 2080 2085 2056
f 2056 2085 2088 2057
f 2057 2088 2100 2069
f 2069 2100 2099 2066
f 2066 2099 2082 2054
f 2081 2107 2112 2091
f 2091 2112 2115 2092
f 2092 2115 2127 2104
f 2104 2127 2126 2101
f 2101 2126 2109 2082
f 2108 2134 2139 2118
f 2118 2139 2142 2119
f 2119 2142 2154 2131
f 2131 2154 2153 2128
f 2128 2153 2136 2109
f 2135 2055 2074 2145
f 2145 2074 2077 2146
f 2146 2077 2065 2158
f 2158 2065 2064 2155
f 2155 2064 2054 2136
f 1939 2135 2147 1941
f 1941 2147 2150 1942
f 1942 2150 2138 1943
f 1943 2138 2137 1944
f 1944 2137 2134 1940
f 2107 1928 1932 2110
f 2110 1932 1931 2111
f 2111 1931 1930 2123
f 2123 1930 1929 2120
f 2120 1929 1927 2108
f 1921 2081 2093 1923
f 1923 2093 2096 1924
f 1924 2096 2084 1925
f 1925 2084 2083 1926
f 1926 2083 2080 1922
f 2055 1934 1938 2072
f 2072 1938 1937 2073
f 2073 1937 1936 2061
f 2061 1936 1935 2058
f 2058 1935 1933 2053
f 2239 2173 2175 2242
f 2242 2175 2176 2243
f 2243 2176 2177 2255
f 2255 2177 2178 2252
f 2252 2178 2174 2240
f 2180 2266 2271 2184
f 2184 2271 2274 2183
f 2183 2274 2286 2182
f 2182 2286 2285 2181
f 2181 2285 2268 2179
f 2267 2241 2260 2277
f 2277 2260 2263 2278
f 2278 2263 2251 2290
f 2290 2251 2250 2287
f 2287 2250 2240 2268
f 2185 2239 2244 2188
f 2188 2244 2247 2189
f 2189 2247 2259 2201
f 2201 2259 2258 2198
f 2198 2258 2241 2186
f 2266 2212 2217 2269
f 2269 2217 2220 2270
f 2270 2220 2232 2282
f 2282 2232 2231 2279
f 2279 2231 2214 2267
f 2213 2187 2206 2223
f 2223 2206 2209 2224
f 2224 2209 2197 2236
f 2236 2197 2196 2233
f 2233 2196 2186 2214
f 2162 2185 2190 2166
f 2166 2190 2193 2165
f 2165 2193 2205 2164
f 2164 2205 2204 2163
f 2163 2204 2187 2161
f 2212 2167 2169 2215
f 2215 2169 2170 2216
f 2216 2170 2171 2228
f 2228 2171 2172 2225
f 2225 2172 2168 2213
f 2293 2320 2325 2296
f 2296 2325 2328 2297
f 2297 2328 2340 2309
f 2309 2340 2339 2306
f 2306 2339 2322 2294
f 2321 2347 2352 2331
f 2331 2352 2355 2332
f 2332 2355 2367 2344
f 2344 2367 2366 2341
f 2341 2366 2349 2322
f 2348 2374 2379 2358
f 2358 2379 2382 2359
f 2359 2382 2394 2371
f 2371 2394 2393 2368
f 2368 2393 2376 2349
f 2375 2295 2314 2385
f 2385 2314 2317 2386
f 2386 2317 2305 2398
f 2398 2305 2304 2395
f 2395 2304 2294 2376
f 2179 2375 2387 2181
f 2181 2387 2390 2182
f 2182 2390 2378 2183
f 2183 2378 2377 2184
f 2184 2377 2374 2180
f 2347 2168 2172 2350
f 2350 2172 2171 2351
f 2351 2171 2170 2363
f 2363 2170 2169 2360
f 2360 2169 2167 2348
f 2161 2321 2333 2163
f 2163 2333 2336 2164
f 2164 2336 2324 2165
f 2165 2324 2323 2166
f 2166 2323 2320 2162
f 2295 2174 2178 2312
f 2312 2178 2177 2313
f 2313 2177 2176 2301
f 2301 2176 2175 2298
f 2298 2175 2173 2293
f 13 2 160 133
