# keyboard_clean.obj - extracted from midikeyboard.obj
# transform: mx=-bz, my=+bx, mz=+by; translate=(0.2336, 0, -0.9868)
o Base
v 0.280018 0.157060 0.030000
v 0.280018 0.157060 0.000000
v 0.095000 0.157060 0.030000
v 0.095000 0.157060 0.000000
v 0.280018 -0.157060 0.030000
v 0.280018 -0.157060 0.000000
v 0.095000 -0.157060 0.030000
v 0.095000 -0.157060 0.000000
v 0.177852 -0.157060 0.000000
v 0.177852 0.157060 0.030000
v 0.177852 -0.157060 0.030000
v 0.177852 0.157060 0.000000
v 0.169362 -0.157060 0.000000
v 0.169362 0.157060 0.030000
v 0.169362 -0.157060 0.030000
v 0.169362 0.157060 0.000000
v 0.280018 0.146788 0.000000
v 0.095000 0.146788 0.030000
v 0.095000 0.146788 0.000000
v 0.280018 0.146788 0.030000
v 0.177852 0.146788 0.000000
v 0.177852 0.146788 0.030000
v 0.169362 0.146788 0.000000
v 0.169362 0.146788 0.030000
v 0.280018 -0.146790 0.000000
v 0.095000 -0.146790 0.030000
v 0.177852 -0.146790 0.000000
v 0.169362 -0.146790 0.000000
v 0.095000 -0.146790 0.000000
v 0.280018 -0.146790 0.030000
v 0.177852 -0.146790 0.030000
v 0.169362 -0.146790 0.030000
v 0.280018 0.157060 0.016952
v 0.095000 -0.157060 0.016952
v 0.095000 0.157060 0.016952
v 0.280018 -0.157060 0.016952
v 0.177852 0.157060 0.016952
v 0.177852 -0.157060 0.016952
v 0.169362 -0.157060 0.016952
v 0.169362 0.157060 0.016952
v 0.280018 0.146788 0.016952
v 0.095000 0.146788 0.016952
v 0.280018 -0.146790 0.016952
v 0.095000 -0.146790 0.016952
v 0.095000 -0.146790 0.030000
v 0.169362 -0.146790 0.030000
v 0.095000 -0.146790 0.030000
v 0.169362 -0.146790 0.030000
v 0.095000 -0.146790 0.030000
v 0.169362 -0.146790 0.030000
v 0.095000 -0.146790 0.016952
v 0.169362 -0.146790 0.016952
v 0.095000 0.146788 0.016952
v 0.169362 0.146788 0.016952
v 0.095000 0.146788 0.030000
v 0.169362 0.146788 0.030000
v 0.169362 -0.146790 0.027733
v 0.169362 0.146788 0.027733

o White_keys_Cube.009
v 0.094734 -0.129036 0.017815
v 0.094734 -0.129036 0.030362
v 0.182210 -0.129036 0.017815
v 0.182210 -0.129036 0.030362
v 0.094734 -0.146781 0.017815
v 0.094734 -0.146781 0.030362
v 0.182210 -0.146781 0.017815
v 0.182210 -0.146781 0.030362
v 0.094734 -0.129036 0.028764
v 0.182210 -0.129036 0.028764
v 0.182210 -0.146781 0.028764
v 0.094734 -0.146781 0.028764
v 0.089346 -0.129036 0.028764
v 0.089346 -0.129036 0.030362
v 0.089346 -0.146781 0.030362
v 0.089346 -0.146781 0.028764
v 0.094734 -0.127927 0.028764
v 0.094734 -0.127927 0.030362
v 0.182210 -0.127927 0.030362
v 0.182210 -0.127927 0.028764
v 0.089346 -0.127927 0.028764
v 0.089346 -0.127927 0.030362
v 0.094734 -0.109428 0.017815
v 0.094734 -0.109428 0.030362
v 0.182210 -0.109428 0.017815
v 0.182210 -0.109428 0.030362
v 0.094734 -0.127173 0.017815
v 0.094734 -0.127173 0.030362
v 0.182210 -0.127173 0.017815
v 0.182210 -0.127173 0.030362
v 0.094734 -0.109428 0.028764
v 0.182210 -0.109428 0.028764
v 0.182210 -0.127173 0.028764
v 0.094734 -0.127173 0.028764
v 0.089346 -0.109428 0.028764
v 0.089346 -0.109428 0.030362
v 0.089346 -0.127173 0.030362
v 0.089346 -0.127173 0.028764
v 0.094734 -0.108320 0.028764
v 0.094734 -0.108320 0.030362
v 0.182210 -0.108320 0.030362
v 0.182210 -0.108320 0.028764
v 0.089346 -0.108320 0.028764
v 0.089346 -0.108320 0.030362
v 0.094734 -0.089821 0.017815
v 0.094734 -0.089821 0.030362
v 0.182210 -0.089821 0.017815
v 0.182210 -0.089821 0.030362
v 0.094734 -0.107565 0.017815
v 0.094734 -0.107565 0.030362
v 0.182210 -0.107565 0.017815
v 0.182210 -0.107565 0.030362
v 0.094734 -0.089821 0.028764
v 0.182210 -0.089821 0.028764
v 0.182210 -0.107565 0.028764
v 0.094734 -0.107565 0.028764
v 0.089346 -0.089821 0.028764
v 0.089346 -0.089821 0.030362
v 0.089346 -0.107565 0.030362
v 0.089346 -0.107565 0.028764
v 0.094734 -0.088712 0.028764
v 0.094734 -0.088712 0.030362
v 0.182210 -0.088712 0.030362
v 0.182210 -0.088712 0.028764
v 0.089346 -0.088712 0.028764
v 0.089346 -0.088712 0.030362
v 0.094734 -0.070213 0.017815
v 0.094734 -0.070213 0.030362
v 0.182210 -0.070213 0.017815
v 0.182210 -0.070213 0.030362
v 0.094734 -0.087958 0.017815
v 0.094734 -0.087958 0.030362
v 0.182210 -0.087958 0.017815
v 0.182210 -0.087958 0.030362
v 0.094734 -0.070213 0.028764
v 0.182210 -0.070213 0.028764
v 0.182210 -0.087958 0.028764
v 0.094734 -0.087958 0.028764
v 0.089346 -0.070213 0.028764
v 0.089346 -0.070213 0.030362
v 0.089346 -0.087958 0.030362
v 0.089346 -0.087958 0.028764
v 0.094734 -0.069104 0.028764
v 0.094734 -0.069104 0.030362
v 0.182210 -0.069104 0.030362
v 0.182210 -0.069104 0.028764
v 0.089346 -0.069104 0.028764
v 0.089346 -0.069104 0.030362
v 0.094734 -0.050606 0.017815
v 0.094734 -0.050606 0.030362
v 0.182210 -0.050606 0.017815
v 0.182210 -0.050606 0.030362
v 0.094734 -0.068350 0.017815
v 0.094734 -0.068350 0.030362
v 0.182210 -0.068350 0.017815
v 0.182210 -0.068350 0.030362
v 0.094734 -0.050606 0.028764
v 0.182210 -0.050606 0.028764
v 0.182210 -0.068350 0.028764
v 0.094734 -0.068350 0.028764
v 0.089346 -0.050606 0.028764
v 0.089346 -0.050606 0.030362
v 0.089346 -0.068350 0.030362
v 0.089346 -0.068350 0.028764
v 0.094734 -0.049497 0.028764
v 0.094734 -0.049497 0.030362
v 0.182210 -0.049497 0.030362
v 0.182210 -0.049497 0.028764
v 0.089346 -0.049497 0.028764
v 0.089346 -0.049497 0.030362
v 0.094734 -0.030998 0.017815
v 0.094734 -0.030998 0.030362
v 0.182210 -0.030998 0.017815
v 0.182210 -0.030998 0.030362
v 0.094734 -0.048743 0.017815
v 0.094734 -0.048743 0.030362
v 0.182210 -0.048743 0.017815
v 0.182210 -0.048743 0.030362
v 0.094734 -0.030998 0.028764
v 0.182210 -0.030998 0.028764
v 0.182210 -0.048743 0.028764
v 0.094734 -0.048743 0.028764
v 0.089346 -0.030998 0.028764
v 0.089346 -0.030998 0.030362
v 0.089346 -0.048743 0.030362
v 0.089346 -0.048743 0.028764
v 0.094734 -0.029889 0.028764
v 0.094734 -0.029889 0.030362
v 0.182210 -0.029889 0.030362
v 0.182210 -0.029889 0.028764
v 0.089346 -0.029889 0.028764
v 0.089346 -0.029889 0.030362
v 0.094734 -0.011390 0.017815
v 0.094734 -0.011390 0.030362
v 0.182210 -0.011390 0.017815
v 0.182210 -0.011390 0.030362
v 0.094734 -0.029135 0.017815
v 0.094734 -0.029135 0.030362
v 0.182210 -0.029135 0.017815
v 0.182210 -0.029135 0.030362
v 0.094734 -0.011390 0.028764
v 0.182210 -0.011390 0.028764
v 0.182210 -0.029135 0.028764
v 0.094734 -0.029135 0.028764
v 0.089346 -0.011390 0.028764
v 0.089346 -0.011390 0.030362
v 0.089346 -0.029135 0.030362
v 0.089346 -0.029135 0.028764
v 0.094734 -0.010282 0.028764
v 0.094734 -0.010282 0.030362
v 0.182210 -0.010282 0.030362
v 0.182210 -0.010282 0.028764
v 0.089346 -0.010282 0.028764
v 0.089346 -0.010282 0.030362
v 0.094734 0.008217 0.017815
v 0.094734 0.008217 0.030362
v 0.182210 0.008217 0.017815
v 0.182210 0.008217 0.030362
v 0.094734 -0.009528 0.017815
v 0.094734 -0.009528 0.030362
v 0.182210 -0.009528 0.017815
v 0.182210 -0.009528 0.030362
v 0.094734 0.008217 0.028764
v 0.182210 0.008217 0.028764
v 0.182210 -0.009528 0.028764
v 0.094734 -0.009528 0.028764
v 0.089346 0.008217 0.028764
v 0.089346 0.008217 0.030362
v 0.089346 -0.009528 0.030362
v 0.089346 -0.009528 0.028764
v 0.094734 0.009326 0.028764
v 0.094734 0.009326 0.030362
v 0.182210 0.009326 0.030362
v 0.182210 0.009326 0.028764
v 0.089346 0.009326 0.028764
v 0.089346 0.009326 0.030362
v 0.094734 0.027825 0.017815
v 0.094734 0.027825 0.030362
v 0.182210 0.027825 0.017815
v 0.182210 0.027825 0.030362
v 0.094734 0.010080 0.017815
v 0.094734 0.010080 0.030362
v 0.182210 0.010080 0.017815
v 0.182210 0.010080 0.030362
v 0.094734 0.027825 0.028764
v 0.182210 0.027825 0.028764
v 0.182210 0.010080 0.028764
v 0.094734 0.010080 0.028764
v 0.089346 0.027825 0.028764
v 0.089346 0.027825 0.030362
v 0.089346 0.010080 0.030362
v 0.089346 0.010080 0.028764
v 0.094734 0.028933 0.028764
v 0.094734 0.028933 0.030362
v 0.182210 0.028933 0.030362
v 0.182210 0.028933 0.028764
v 0.089346 0.028933 0.028764
v 0.089346 0.028933 0.030362
v 0.094734 0.047432 0.017815
v 0.094734 0.047432 0.030362
v 0.182210 0.047432 0.017815
v 0.182210 0.047432 0.030362
v 0.094734 0.029688 0.017815
v 0.094734 0.029688 0.030362
v 0.182210 0.029688 0.017815
v 0.182210 0.029688 0.030362
v 0.094734 0.047432 0.028764
v 0.182210 0.047432 0.028764
v 0.182210 0.029688 0.028764
v 0.094734 0.029688 0.028764
v 0.089346 0.047432 0.028764
v 0.089346 0.047432 0.030362
v 0.089346 0.029688 0.030362
v 0.089346 0.029688 0.028764
v 0.094734 0.048541 0.028764
v 0.094734 0.048541 0.030362
v 0.182210 0.048541 0.030362
v 0.182210 0.048541 0.028764
v 0.089346 0.048541 0.028764
v 0.089346 0.048541 0.030362
v 0.094734 0.067040 0.017815
v 0.094734 0.067040 0.030362
v 0.182210 0.067040 0.017815
v 0.182210 0.067040 0.030362
v 0.094734 0.049295 0.017815
v 0.094734 0.049295 0.030362
v 0.182210 0.049295 0.017815
v 0.182210 0.049295 0.030362
v 0.094734 0.067040 0.028764
v 0.182210 0.067040 0.028764
v 0.182210 0.049295 0.028764
v 0.094734 0.049295 0.028764
v 0.089346 0.067040 0.028764
v 0.089346 0.067040 0.030362
v 0.089346 0.049295 0.030362
v 0.089346 0.049295 0.028764
v 0.094734 0.068149 0.028764
v 0.094734 0.068149 0.030362
v 0.182210 0.068149 0.030362
v 0.182210 0.068149 0.028764
v 0.089346 0.068149 0.028764
v 0.089346 0.068149 0.030362
v 0.094734 0.086647 0.017815
v 0.094734 0.086647 0.030362
v 0.182210 0.086647 0.017815
v 0.182210 0.086647 0.030362
v 0.094734 0.068903 0.017815
v 0.094734 0.068903 0.030362
v 0.182210 0.068903 0.017815
v 0.182210 0.068903 0.030362
v 0.094734 0.086647 0.028764
v 0.182210 0.086647 0.028764
v 0.182210 0.068903 0.028764
v 0.094734 0.068903 0.028764
v 0.089346 0.086647 0.028764
v 0.089346 0.086647 0.030362
v 0.089346 0.068903 0.030362
v 0.089346 0.068903 0.028764
v 0.094734 0.087756 0.028764
v 0.094734 0.087756 0.030362
v 0.182210 0.087756 0.030362
v 0.182210 0.087756 0.028764
v 0.089346 0.087756 0.028764
v 0.089346 0.087756 0.030362
v 0.094734 0.106255 0.017815
v 0.094734 0.106255 0.030362
v 0.182210 0.106255 0.017815
v 0.182210 0.106255 0.030362
v 0.094734 0.088510 0.017815
v 0.094734 0.088510 0.030362
v 0.182210 0.088510 0.017815
v 0.182210 0.088510 0.030362
v 0.094734 0.106255 0.028764
v 0.182210 0.106255 0.028764
v 0.182210 0.088510 0.028764
v 0.094734 0.088510 0.028764
v 0.089346 0.106255 0.028764
v 0.089346 0.106255 0.030362
v 0.089346 0.088510 0.030362
v 0.089346 0.088510 0.028764
v 0.094734 0.107364 0.028764
v 0.094734 0.107364 0.030362
v 0.182210 0.107364 0.030362
v 0.182210 0.107364 0.028764
v 0.089346 0.107364 0.028764
v 0.089346 0.107364 0.030362
v 0.094734 0.125863 0.017815
v 0.094734 0.125863 0.030362
v 0.182210 0.125863 0.017815
v 0.182210 0.125863 0.030362
v 0.094734 0.108118 0.017815
v 0.094734 0.108118 0.030362
v 0.182210 0.108118 0.017815
v 0.182210 0.108118 0.030362
v 0.094734 0.125863 0.028764
v 0.182210 0.125863 0.028764
v 0.182210 0.108118 0.028764
v 0.094734 0.108118 0.028764
v 0.089346 0.125863 0.028764
v 0.089346 0.125863 0.030362
v 0.089346 0.108118 0.030362
v 0.089346 0.108118 0.028764
v 0.094734 0.126971 0.028764
v 0.094734 0.126971 0.030362
v 0.182210 0.126971 0.030362
v 0.182210 0.126971 0.028764
v 0.089346 0.126971 0.028764
v 0.089346 0.126971 0.030362
v 0.094734 0.145470 0.017815
v 0.094734 0.145470 0.030362
v 0.182210 0.145470 0.017815
v 0.182210 0.145470 0.030362
v 0.094734 0.127725 0.017815
v 0.094734 0.127725 0.030362
v 0.182210 0.127725 0.017815
v 0.182210 0.127725 0.030362
v 0.094734 0.145470 0.028764
v 0.182210 0.145470 0.028764
v 0.182210 0.127725 0.028764
v 0.094734 0.127725 0.028764
v 0.089346 0.145470 0.028764
v 0.089346 0.145470 0.030362
v 0.089346 0.127725 0.030362
v 0.089346 0.127725 0.028764
v 0.094734 0.146579 0.028764
v 0.094734 0.146579 0.030362
v 0.182210 0.146579 0.030362
v 0.182210 0.146579 0.028764
v 0.089346 0.146579 0.028764
v 0.089346 0.146579 0.030362

o Black_keys_Cube
v 0.171692 -0.121692 0.025868
v 0.171692 -0.122552 0.024929
v 0.171692 -0.121707 0.025578
v 0.171692 -0.121816 0.025316
v 0.171692 -0.122006 0.025108
v 0.171692 -0.122260 0.024975
v 0.171692 -0.123804 0.036404
v 0.171692 -0.122738 0.035466
v 0.171692 -0.123501 0.036358
v 0.171692 -0.123218 0.036225
v 0.171692 -0.122982 0.036017
v 0.171692 -0.122817 0.035756
v 0.171692 -0.130324 0.024929
v 0.171692 -0.131184 0.025868
v 0.171692 -0.130616 0.024975
v 0.171692 -0.130870 0.025108
v 0.171692 -0.131060 0.025316
v 0.171692 -0.131169 0.025578
v 0.171692 -0.130137 0.035466
v 0.171692 -0.129072 0.036404
v 0.171692 -0.130059 0.035756
v 0.171692 -0.129893 0.036017
v 0.171692 -0.129658 0.036225
v 0.171692 -0.129375 0.036358
v 0.180965 -0.122552 0.024929
v 0.181987 -0.122661 0.025873
v 0.180965 -0.121692 0.025868
v 0.181281 -0.122558 0.024976
v 0.181566 -0.122574 0.025110
v 0.180965 -0.122259 0.024974
v 0.181291 -0.122258 0.025030
v 0.181552 -0.122283 0.025156
v 0.180965 -0.122005 0.025107
v 0.181280 -0.122024 0.025156
v 0.181506 -0.122078 0.025246
v 0.181937 -0.122362 0.025872
v 0.181792 -0.122093 0.025871
v 0.181937 -0.122628 0.025582
v 0.181878 -0.122319 0.025573
v 0.181741 -0.122073 0.025582
v 0.181792 -0.122598 0.025319
v 0.181740 -0.122302 0.025331
v 0.181643 -0.122093 0.025372
v 0.180965 -0.121707 0.025577
v 0.180965 -0.121814 0.025315
v 0.181281 -0.121740 0.025869
v 0.181290 -0.121762 0.025568
v 0.181279 -0.121865 0.025329
v 0.181566 -0.121878 0.025870
v 0.181553 -0.121895 0.025580
v 0.181506 -0.121963 0.025372
v 0.180965 -0.123804 0.036404
v 0.180965 -0.122738 0.035466
v 0.181987 -0.123706 0.035460
v 0.180965 -0.123500 0.036359
v 0.180965 -0.123217 0.036226
v 0.181281 -0.123799 0.036358
v 0.181290 -0.123486 0.036304
v 0.181279 -0.123226 0.036178
v 0.181566 -0.123786 0.036223
v 0.181553 -0.123484 0.036176
v 0.181506 -0.123261 0.036088
v 0.181281 -0.122786 0.035465
v 0.181566 -0.122924 0.035464
v 0.180965 -0.122817 0.035756
v 0.181291 -0.122874 0.035763
v 0.181552 -0.123003 0.035752
v 0.180965 -0.122981 0.036018
v 0.181280 -0.123030 0.036005
v 0.181506 -0.123118 0.035961
v 0.181937 -0.123737 0.035751
v 0.181792 -0.123764 0.036014
v 0.181937 -0.123408 0.035461
v 0.181878 -0.123431 0.035762
v 0.181741 -0.123467 0.036002
v 0.181792 -0.123138 0.035462
v 0.181740 -0.123182 0.035752
v 0.181643 -0.123247 0.035961
v 0.180965 -0.130324 0.024929
v 0.180965 -0.131184 0.025868
v 0.181987 -0.130215 0.025873
v 0.180965 -0.130617 0.024974
v 0.180965 -0.130871 0.025107
v 0.181281 -0.130318 0.024976
v 0.181290 -0.130620 0.025030
v 0.181279 -0.130852 0.025155
v 0.181566 -0.130302 0.025110
v 0.181553 -0.130594 0.025157
v 0.181506 -0.130798 0.025246
v 0.181281 -0.131136 0.025869
v 0.181566 -0.130998 0.025870
v 0.180965 -0.131169 0.025577
v 0.181291 -0.131113 0.025570
v 0.181552 -0.130982 0.025581
v 0.180965 -0.131062 0.025315
v 0.181280 -0.131010 0.025328
v 0.181506 -0.130913 0.025372
v 0.181937 -0.130248 0.025582
v 0.181792 -0.130278 0.025319
v 0.181937 -0.130514 0.025872
v 0.181878 -0.130556 0.025571
v 0.181741 -0.130573 0.025331
v 0.181792 -0.130783 0.025871
v 0.181740 -0.130803 0.025581
v 0.181643 -0.130783 0.025372
v 0.180965 -0.129072 0.036404
v 0.181987 -0.129170 0.035460
v 0.180965 -0.130137 0.035466
v 0.181281 -0.129077 0.036358
v 0.181566 -0.129090 0.036223
v 0.180965 -0.129376 0.036359
v 0.181291 -0.129388 0.036304
v 0.181552 -0.129391 0.036177
v 0.180965 -0.129659 0.036226
v 0.181280 -0.129650 0.036178
v 0.181506 -0.129615 0.036088
v 0.181937 -0.129468 0.035461
v 0.181792 -0.129737 0.035462
v 0.181937 -0.129139 0.035751
v 0.181878 -0.129446 0.035760
v 0.181741 -0.129694 0.035751
v 0.181792 -0.129112 0.036014
v 0.181740 -0.129410 0.036003
v 0.181643 -0.129628 0.035961
v 0.180965 -0.130059 0.035756
v 0.180965 -0.129894 0.036018
v 0.181281 -0.130089 0.035465
v 0.181290 -0.130002 0.035765
v 0.181279 -0.129847 0.036005
v 0.181566 -0.129952 0.035464
v 0.181553 -0.129872 0.035753
v 0.181506 -0.129758 0.035961
v 0.117504 -0.130324 0.024929
v 0.116741 -0.130219 0.025842
v 0.117804 -0.131184 0.025868
v 0.117196 -0.130318 0.024970
v 0.116945 -0.130303 0.025098
v 0.117524 -0.130617 0.024978
v 0.117208 -0.130618 0.025028
v 0.116979 -0.130594 0.025149
v 0.117570 -0.130870 0.025113
v 0.117263 -0.130852 0.025156
v 0.117057 -0.130798 0.025241
v 0.116798 -0.130517 0.025847
v 0.116952 -0.130786 0.025852
v 0.116705 -0.130251 0.025557
v 0.116770 -0.130559 0.025554
v 0.116918 -0.130804 0.025568
v 0.116776 -0.130280 0.025300
v 0.116839 -0.130575 0.025317
v 0.116955 -0.130784 0.025363
v 0.117717 -0.131169 0.025581
v 0.117636 -0.131061 0.025321
v 0.117481 -0.131136 0.025863
v 0.117382 -0.131114 0.025567
v 0.117319 -0.131011 0.025329
v 0.117187 -0.130999 0.025858
v 0.117114 -0.130982 0.025572
v 0.117098 -0.130914 0.025367
v 0.117504 -0.122552 0.024929
v 0.117804 -0.121692 0.025868
v 0.116741 -0.122657 0.025842
v 0.117524 -0.122259 0.024978
v 0.117570 -0.122005 0.025113
v 0.117196 -0.122558 0.024970
v 0.117210 -0.122256 0.025028
v 0.117263 -0.122024 0.025155
v 0.116945 -0.122573 0.025098
v 0.116979 -0.122281 0.025149
v 0.117057 -0.122078 0.025241
v 0.117481 -0.121739 0.025863
v 0.117187 -0.121877 0.025858
v 0.117717 -0.121707 0.025581
v 0.117380 -0.121762 0.025568
v 0.117115 -0.121893 0.025573
v 0.117636 -0.121815 0.025321
v 0.117318 -0.121866 0.025329
v 0.117098 -0.121962 0.025367
v 0.116705 -0.122625 0.025557
v 0.116776 -0.122596 0.025300
v 0.116798 -0.122359 0.025847
v 0.116770 -0.122318 0.025552
v 0.116838 -0.122301 0.025318
v 0.116952 -0.122090 0.025852
v 0.116919 -0.122071 0.025568
v 0.116955 -0.122092 0.025363
v 0.120518 -0.122738 0.035466
v 0.120749 -0.123804 0.036404
v 0.119469 -0.123709 0.035491
v 0.120593 -0.122816 0.035753
v 0.120659 -0.122981 0.036012
v 0.120197 -0.122787 0.035470
v 0.120266 -0.122874 0.035766
v 0.120337 -0.123029 0.036004
v 0.119907 -0.122925 0.035475
v 0.119995 -0.123005 0.035761
v 0.120095 -0.123118 0.035967
v 0.120417 -0.123800 0.036363
v 0.120094 -0.123787 0.036235
v 0.120742 -0.123500 0.036355
v 0.120397 -0.123488 0.036305
v 0.120100 -0.123485 0.036185
v 0.120711 -0.123217 0.036220
v 0.120379 -0.123225 0.036177
v 0.120126 -0.123261 0.036093
v 0.119524 -0.123410 0.035486
v 0.119675 -0.123140 0.035481
v 0.119595 -0.123739 0.035777
v 0.119662 -0.123431 0.035779
v 0.119801 -0.123183 0.035765
v 0.119811 -0.123766 0.036033
v 0.119864 -0.123467 0.036016
v 0.119954 -0.123248 0.035970
v 0.120749 -0.129072 0.036404
v 0.120518 -0.130137 0.035466
v 0.119469 -0.129167 0.035491
v 0.120742 -0.129376 0.036355
v 0.120711 -0.129659 0.036220
v 0.120417 -0.129076 0.036363
v 0.120399 -0.129390 0.036305
v 0.120380 -0.129650 0.036178
v 0.120094 -0.129089 0.036235
v 0.120099 -0.129391 0.036184
v 0.120126 -0.129615 0.036093
v 0.120197 -0.130089 0.035470
v 0.119907 -0.129951 0.035475
v 0.120593 -0.130060 0.035753
v 0.120264 -0.130002 0.035765
v 0.119995 -0.129872 0.035760
v 0.120659 -0.129895 0.036012
v 0.120337 -0.129846 0.036005
v 0.120095 -0.129758 0.035967
v 0.119595 -0.129137 0.035777
v 0.119811 -0.129110 0.036033
v 0.119524 -0.129466 0.035486
v 0.119662 -0.129443 0.035781
v 0.119863 -0.129408 0.036016
v 0.119675 -0.129736 0.035481
v 0.119802 -0.129693 0.035766
v 0.119954 -0.129628 0.035970
v 0.171692 -0.102298 0.025868
v 0.171692 -0.103158 0.024929
v 0.171692 -0.102313 0.025578
v 0.171692 -0.102422 0.025316
v 0.171692 -0.102612 0.025108
v 0.171692 -0.102866 0.024975
v 0.171692 -0.104410 0.036404
v 0.171692 -0.103345 0.035466
v 0.171692 -0.104107 0.036358
v 0.171692 -0.103824 0.036225
v 0.171692 -0.103589 0.036017
v 0.171692 -0.103423 0.035756
v 0.171692 -0.110930 0.024929
v 0.171692 -0.111790 0.025868
v 0.171692 -0.111222 0.024975
v 0.171692 -0.111476 0.025108
v 0.171692 -0.111666 0.025316
v 0.171692 -0.111775 0.025578
v 0.171692 -0.110744 0.035466
v 0.171692 -0.109679 0.036404
v 0.171692 -0.110665 0.035756
v 0.171692 -0.110500 0.036017
v 0.171692 -0.110264 0.036225
v 0.171692 -0.109981 0.036358
v 0.180965 -0.103158 0.024929
v 0.181987 -0.103267 0.025873
v 0.180965 -0.102298 0.025868
v 0.181281 -0.103164 0.024976
v 0.181566 -0.103180 0.025110
v 0.180965 -0.102865 0.024974
v 0.181291 -0.102864 0.025030
v 0.181552 -0.102889 0.025156
v 0.180965 -0.102611 0.025107
v 0.181280 -0.102630 0.025156
v 0.181506 -0.102684 0.025246
v 0.181937 -0.102968 0.025872
v 0.181792 -0.102699 0.025871
v 0.181937 -0.103234 0.025582
v 0.181878 -0.102925 0.025573
v 0.181741 -0.102679 0.025582
v 0.181792 -0.103204 0.025319
v 0.181740 -0.102908 0.025331
v 0.181643 -0.102699 0.025372
v 0.180965 -0.102313 0.025577
v 0.180965 -0.102420 0.025315
v 0.181281 -0.102346 0.025869
v 0.181290 -0.102369 0.025568
v 0.181279 -0.102471 0.025329
v 0.181566 -0.102484 0.025870
v 0.181553 -0.102501 0.025580
v 0.181506 -0.102569 0.025372
v 0.180965 -0.104410 0.036404
v 0.180965 -0.103345 0.035466
v 0.181987 -0.104312 0.035460
v 0.180965 -0.104106 0.036359
v 0.180965 -0.103823 0.036226
v 0.181281 -0.104406 0.036358
v 0.181290 -0.104092 0.036304
v 0.181279 -0.103832 0.036178
v 0.181566 -0.104392 0.036223
v 0.181553 -0.104090 0.036176
v 0.181506 -0.103867 0.036088
v 0.181281 -0.103393 0.035465
v 0.181566 -0.103530 0.035464
v 0.180965 -0.103423 0.035756
v 0.181291 -0.103480 0.035763
v 0.181552 -0.103609 0.035752
v 0.180965 -0.103588 0.036018
v 0.181280 -0.103636 0.036005
v 0.181506 -0.103724 0.035961
v 0.181937 -0.104343 0.035751
v 0.181792 -0.104370 0.036014
v 0.181937 -0.104014 0.035461
v 0.181878 -0.104038 0.035762
v 0.181741 -0.104073 0.036002
v 0.181792 -0.103745 0.035462
v 0.181740 -0.103788 0.035752
v 0.181643 -0.103854 0.035961
v 0.180965 -0.110930 0.024929
v 0.180965 -0.111790 0.025868
v 0.181987 -0.110821 0.025873
v 0.180965 -0.111223 0.024974
v 0.180965 -0.111477 0.025107
v 0.181281 -0.110924 0.024976
v 0.181290 -0.111226 0.025030
v 0.181279 -0.111458 0.025155
v 0.181566 -0.110908 0.025110
v 0.181553 -0.111200 0.025157
v 0.181506 -0.111404 0.025246
v 0.181281 -0.111742 0.025869
v 0.181566 -0.111604 0.025870
v 0.180965 -0.111775 0.025577
v 0.181291 -0.111719 0.025570
v 0.181552 -0.111588 0.025581
v 0.180965 -0.111668 0.025315
v 0.181280 -0.111616 0.025328
v 0.181506 -0.111519 0.025372
v 0.181937 -0.110854 0.025582
v 0.181792 -0.110884 0.025319
v 0.181937 -0.111120 0.025872
v 0.181878 -0.111162 0.025571
v 0.181741 -0.111179 0.025331
v 0.181792 -0.111390 0.025871
v 0.181740 -0.111410 0.025581
v 0.181643 -0.111389 0.025372
v 0.180965 -0.109679 0.036404
v 0.181987 -0.109776 0.035460
v 0.180965 -0.110744 0.035466
v 0.181281 -0.109683 0.036358
v 0.181566 -0.109696 0.036223
v 0.180965 -0.109982 0.036359
v 0.181291 -0.109995 0.036304
v 0.181552 -0.109997 0.036177
v 0.180965 -0.110265 0.036226
v 0.181280 -0.110257 0.036178
v 0.181506 -0.110222 0.036088
v 0.181937 -0.110074 0.035461
v 0.181792 -0.110344 0.035462
v 0.181937 -0.109745 0.035751
v 0.181878 -0.110052 0.035760
v 0.181741 -0.110300 0.035751
v 0.181792 -0.109718 0.036014
v 0.181740 -0.110016 0.036003
v 0.181643 -0.110235 0.035961
v 0.180965 -0.110665 0.035756
v 0.180965 -0.110501 0.036018
v 0.181281 -0.110696 0.035465
v 0.181290 -0.110608 0.035765
v 0.181279 -0.110453 0.036005
v 0.181566 -0.110558 0.035464
v 0.181553 -0.110478 0.035753
v 0.181506 -0.110365 0.035961
v 0.117504 -0.110930 0.024929
v 0.116741 -0.110825 0.025842
v 0.117804 -0.111790 0.025868
v 0.117196 -0.110924 0.024970
v 0.116945 -0.110909 0.025098
v 0.117524 -0.111223 0.024978
v 0.117208 -0.111224 0.025028
v 0.116979 -0.111200 0.025149
v 0.117570 -0.111477 0.025113
v 0.117263 -0.111458 0.025156
v 0.117057 -0.111404 0.025241
v 0.116798 -0.111123 0.025847
v 0.116952 -0.111392 0.025852
v 0.116705 -0.110857 0.025557
v 0.116770 -0.111166 0.025554
v 0.116918 -0.111411 0.025568
v 0.116776 -0.110886 0.025300
v 0.116839 -0.111182 0.025317
v 0.116955 -0.111390 0.025363
v 0.117717 -0.111775 0.025581
v 0.117636 -0.111667 0.025321
v 0.117481 -0.111743 0.025863
v 0.117382 -0.111720 0.025567
v 0.117319 -0.111617 0.025329
v 0.117187 -0.111605 0.025858
v 0.117114 -0.111588 0.025572
v 0.117098 -0.111520 0.025367
v 0.117504 -0.103158 0.024929
v 0.117804 -0.102298 0.025868
v 0.116741 -0.103263 0.025842
v 0.117524 -0.102865 0.024978
v 0.117570 -0.102612 0.025113
v 0.117196 -0.103164 0.024970
v 0.117210 -0.102862 0.025028
v 0.117263 -0.102630 0.025155
v 0.116945 -0.103179 0.025098
v 0.116979 -0.102887 0.025149
v 0.117057 -0.102684 0.025241
v 0.117481 -0.102346 0.025863
v 0.117187 -0.102483 0.025858
v 0.117717 -0.102313 0.025581
v 0.117380 -0.102369 0.025568
v 0.117115 -0.102499 0.025573
v 0.117636 -0.102421 0.025321
v 0.117318 -0.102472 0.025329
v 0.117098 -0.102568 0.025367
v 0.116705 -0.103231 0.025557
v 0.116776 -0.103202 0.025300
v 0.116798 -0.102965 0.025847
v 0.116770 -0.102924 0.025552
v 0.116838 -0.102907 0.025318
v 0.116952 -0.102696 0.025852
v 0.116919 -0.102677 0.025568
v 0.116955 -0.102698 0.025363
v 0.120518 -0.103345 0.035466
v 0.120749 -0.104410 0.036404
v 0.119469 -0.104315 0.035491
v 0.120593 -0.103422 0.035753
v 0.120659 -0.103587 0.036012
v 0.120197 -0.103393 0.035470
v 0.120266 -0.103481 0.035766
v 0.120337 -0.103635 0.036004
v 0.119907 -0.103531 0.035475
v 0.119995 -0.103611 0.035761
v 0.120095 -0.103724 0.035967
v 0.120417 -0.104406 0.036363
v 0.120094 -0.104393 0.036235
v 0.120742 -0.104106 0.036355
v 0.120397 -0.104094 0.036305
v 0.120100 -0.104092 0.036185
v 0.120711 -0.103823 0.036220
v 0.120379 -0.103832 0.036177
v 0.120126 -0.103867 0.036093
v 0.119524 -0.104016 0.035486
v 0.119675 -0.103746 0.035481
v 0.119595 -0.104345 0.035777
v 0.119662 -0.104038 0.035779
v 0.119801 -0.103789 0.035765
v 0.119811 -0.104372 0.036033
v 0.119864 -0.104073 0.036016
v 0.119954 -0.103854 0.035970
v 0.120749 -0.109679 0.036404
v 0.120518 -0.110744 0.035466
v 0.119469 -0.109773 0.035491
v 0.120742 -0.109982 0.036355
v 0.120711 -0.110265 0.036220
v 0.120417 -0.109682 0.036363
v 0.120399 -0.109996 0.036305
v 0.120380 -0.110256 0.036178
v 0.120094 -0.109695 0.036235
v 0.120099 -0.109997 0.036184
v 0.120126 -0.110221 0.036093
v 0.120197 -0.110695 0.035470
v 0.119907 -0.110557 0.035475
v 0.120593 -0.110666 0.035753
v 0.120264 -0.110608 0.035765
v 0.119995 -0.110478 0.035760
v 0.120659 -0.110501 0.036012
v 0.120337 -0.110452 0.036005
v 0.120095 -0.110364 0.035967
v 0.119595 -0.109743 0.035777
v 0.119811 -0.109716 0.036033
v 0.119524 -0.110072 0.035486
v 0.119662 -0.110049 0.035781
v 0.119863 -0.110014 0.036016
v 0.119675 -0.110342 0.035481
v 0.119802 -0.110299 0.035766
v 0.119954 -0.110234 0.035970
v 0.171692 -0.063510 0.025868
v 0.171692 -0.064371 0.024929
v 0.171692 -0.063526 0.025578
v 0.171692 -0.063634 0.025316
v 0.171692 -0.063824 0.025108
v 0.171692 -0.064078 0.024975
v 0.171692 -0.065622 0.036404
v 0.171692 -0.064557 0.035466
v 0.171692 -0.065319 0.036358
v 0.171692 -0.065036 0.036225
v 0.171692 -0.064801 0.036017
v 0.171692 -0.064636 0.035756
v 0.171692 -0.072142 0.024929
v 0.171692 -0.073002 0.025868
v 0.171692 -0.072435 0.024975
v 0.171692 -0.072688 0.025108
v 0.171692 -0.072879 0.025316
v 0.171692 -0.072987 0.025578
v 0.171692 -0.071956 0.035466
v 0.171692 -0.070891 0.036404
v 0.171692 -0.071877 0.035756
v 0.171692 -0.071712 0.036017
v 0.171692 -0.071476 0.036225
v 0.171692 -0.071193 0.036358
v 0.180965 -0.064371 0.024929
v 0.181987 -0.064479 0.025873
v 0.180965 -0.063510 0.025868
v 0.181281 -0.064377 0.024976
v 0.181566 -0.064392 0.025110
v 0.180965 -0.064077 0.024974
v 0.181291 -0.064076 0.025030
v 0.181552 -0.064101 0.025156
v 0.180965 -0.063823 0.025107
v 0.181280 -0.063842 0.025156
v 0.181506 -0.063897 0.025246
v 0.181937 -0.064180 0.025872
v 0.181792 -0.063911 0.025871
v 0.181937 -0.064446 0.025582
v 0.181878 -0.064137 0.025573
v 0.181741 -0.063891 0.025582
v 0.181792 -0.064416 0.025319
v 0.181740 -0.064121 0.025331
v 0.181643 -0.063911 0.025372
v 0.180965 -0.063525 0.025577
v 0.180965 -0.063633 0.025315
v 0.181281 -0.063558 0.025869
v 0.181290 -0.063581 0.025568
v 0.181279 -0.063683 0.025329
v 0.181566 -0.063696 0.025870
v 0.181553 -0.063713 0.025580
v 0.181506 -0.063781 0.025372
v 0.180965 -0.065622 0.036404
v 0.180965 -0.064557 0.035466
v 0.181987 -0.065524 0.035460
v 0.180965 -0.065319 0.036359
v 0.180965 -0.065036 0.036226
v 0.181281 -0.065618 0.036358
v 0.181290 -0.065304 0.036304
v 0.181279 -0.065044 0.036178
v 0.181566 -0.065604 0.036223
v 0.181553 -0.065302 0.036176
v 0.181506 -0.065079 0.036088
v 0.181281 -0.064605 0.035465
v 0.181566 -0.064743 0.035464
v 0.180965 -0.064635 0.035756
v 0.181291 -0.064693 0.035763
v 0.181552 -0.064821 0.035752
v 0.180965 -0.064800 0.036018
v 0.181280 -0.064848 0.036005
v 0.181506 -0.064936 0.035961
v 0.181937 -0.065555 0.035751
v 0.181792 -0.065583 0.036014
v 0.181937 -0.065226 0.035461
v 0.181878 -0.065250 0.035762
v 0.181741 -0.065285 0.036002
v 0.181792 -0.064957 0.035462
v 0.181740 -0.065000 0.035752
v 0.181643 -0.065066 0.035961
v 0.180965 -0.072142 0.024929
v 0.180965 -0.073002 0.025868
v 0.181987 -0.072034 0.025873
v 0.180965 -0.072435 0.024974
v 0.180965 -0.072690 0.025107
v 0.181281 -0.072136 0.024976
v 0.181290 -0.072438 0.025030
v 0.181279 -0.072670 0.025155
v 0.181566 -0.072120 0.025110
v 0.181553 -0.072412 0.025157
v 0.181506 -0.072616 0.025246
v 0.181281 -0.072954 0.025869
v 0.181566 -0.072816 0.025870
v 0.180965 -0.072988 0.025577
v 0.181291 -0.072932 0.025570
v 0.181552 -0.072800 0.025581
v 0.180965 -0.072880 0.025315
v 0.181280 -0.072829 0.025328
v 0.181506 -0.072732 0.025372
v 0.181937 -0.072066 0.025582
v 0.181792 -0.072096 0.025319
v 0.181937 -0.072332 0.025872
v 0.181878 -0.072374 0.025571
v 0.181741 -0.072391 0.025331
v 0.181792 -0.072602 0.025871
v 0.181740 -0.072622 0.025581
v 0.181643 -0.072601 0.025372
v 0.180965 -0.070891 0.036404
v 0.181987 -0.070988 0.035460
v 0.180965 -0.071956 0.035466
v 0.181281 -0.070895 0.036358
v 0.181566 -0.070908 0.036223
v 0.180965 -0.071194 0.036359
v 0.181291 -0.071207 0.036304
v 0.181552 -0.071210 0.036177
v 0.180965 -0.071477 0.036226
v 0.181280 -0.071469 0.036178
v 0.181506 -0.071434 0.036088
v 0.181937 -0.071287 0.035461
v 0.181792 -0.071556 0.035462
v 0.181937 -0.070957 0.035751
v 0.181878 -0.071265 0.035760
v 0.181741 -0.071512 0.035751
v 0.181792 -0.070930 0.036014
v 0.181740 -0.071228 0.036003
v 0.181643 -0.071447 0.035961
v 0.180965 -0.071878 0.035756
v 0.180965 -0.071713 0.036018
v 0.181281 -0.071908 0.035465
v 0.181290 -0.071820 0.035765
v 0.181279 -0.071665 0.036005
v 0.181566 -0.071770 0.035464
v 0.181553 -0.071690 0.035753
v 0.181506 -0.071577 0.035961
v 0.117504 -0.072142 0.024929
v 0.116741 -0.072037 0.025842
v 0.117804 -0.073002 0.025868
v 0.117196 -0.072137 0.024970
v 0.116945 -0.072122 0.025098
v 0.117524 -0.072435 0.024978
v 0.117208 -0.072436 0.025028
v 0.116979 -0.072412 0.025149
v 0.117570 -0.072689 0.025113
v 0.117263 -0.072671 0.025156
v 0.117057 -0.072617 0.025241
v 0.116798 -0.072335 0.025847
v 0.116952 -0.072604 0.025852
v 0.116705 -0.072069 0.025557
v 0.116770 -0.072378 0.025554
v 0.116918 -0.072623 0.025568
v 0.116776 -0.072098 0.025300
v 0.116839 -0.072394 0.025317
v 0.116955 -0.072603 0.025363
v 0.117717 -0.072987 0.025581
v 0.117636 -0.072879 0.025321
v 0.117481 -0.072955 0.025863
v 0.117382 -0.072932 0.025567
v 0.117319 -0.072829 0.025329
v 0.117187 -0.072818 0.025858
v 0.117114 -0.072801 0.025572
v 0.117098 -0.072732 0.025367
v 0.117504 -0.064371 0.024929
v 0.117804 -0.063510 0.025868
v 0.116741 -0.064475 0.025842
v 0.117524 -0.064078 0.024978
v 0.117570 -0.063824 0.025113
v 0.117196 -0.064376 0.024970
v 0.117210 -0.064074 0.025028
v 0.117263 -0.063842 0.025155
v 0.116945 -0.064391 0.025098
v 0.116979 -0.064100 0.025149
v 0.117057 -0.063896 0.025241
v 0.117481 -0.063558 0.025863
v 0.117187 -0.063695 0.025858
v 0.117717 -0.063525 0.025581
v 0.117380 -0.063581 0.025568
v 0.117115 -0.063711 0.025573
v 0.117636 -0.063633 0.025321
v 0.117318 -0.063684 0.025329
v 0.117098 -0.063781 0.025367
v 0.116705 -0.064443 0.025557
v 0.116776 -0.064414 0.025300
v 0.116798 -0.064177 0.025847
v 0.116770 -0.064136 0.025552
v 0.116838 -0.064120 0.025318
v 0.116952 -0.063909 0.025852
v 0.116919 -0.063889 0.025568
v 0.116955 -0.063910 0.025363
v 0.120518 -0.064557 0.035466
v 0.120749 -0.065622 0.036404
v 0.119469 -0.065527 0.035491
v 0.120593 -0.064635 0.035753
v 0.120659 -0.064799 0.036012
v 0.120197 -0.064605 0.035470
v 0.120266 -0.064693 0.035766
v 0.120337 -0.064847 0.036004
v 0.119907 -0.064744 0.035475
v 0.119995 -0.064823 0.035761
v 0.120095 -0.064936 0.035967
v 0.120417 -0.065618 0.036363
v 0.120094 -0.065605 0.036235
v 0.120742 -0.065318 0.036355
v 0.120397 -0.065306 0.036305
v 0.120100 -0.065304 0.036185
v 0.120711 -0.065035 0.036220
v 0.120379 -0.065044 0.036177
v 0.120126 -0.065079 0.036093
v 0.119524 -0.065228 0.035486
v 0.119675 -0.064959 0.035481
v 0.119595 -0.065558 0.035777
v 0.119662 -0.065250 0.035779
v 0.119801 -0.065002 0.035765
v 0.119811 -0.065585 0.036033
v 0.119864 -0.065286 0.036016
v 0.119954 -0.065067 0.035970
v 0.120749 -0.070891 0.036404
v 0.120518 -0.071956 0.035466
v 0.119469 -0.070985 0.035491
v 0.120742 -0.071194 0.036355
v 0.120711 -0.071478 0.036220
v 0.120417 -0.070894 0.036363
v 0.120399 -0.071208 0.036305
v 0.120380 -0.071468 0.036178
v 0.120094 -0.070907 0.036235
v 0.120099 -0.071210 0.036184
v 0.120126 -0.071433 0.036093
v 0.120197 -0.071907 0.035470
v 0.119907 -0.071769 0.035475
v 0.120593 -0.071878 0.035753
v 0.120264 -0.071820 0.035765
v 0.119995 -0.071690 0.035760
v 0.120659 -0.071713 0.036012
v 0.120337 -0.071664 0.036005
v 0.120095 -0.071576 0.035967
v 0.119595 -0.070955 0.035777
v 0.119811 -0.070928 0.036033
v 0.119524 -0.071284 0.035486
v 0.119662 -0.071261 0.035781
v 0.119863 -0.071226 0.036016
v 0.119675 -0.071554 0.035481
v 0.119802 -0.071511 0.035766
v 0.119954 -0.071446 0.035970
v 0.171692 -0.044116 0.025868
v 0.171692 -0.044977 0.024929
v 0.171692 -0.044132 0.025578
v 0.171692 -0.044240 0.025316
v 0.171692 -0.044430 0.025108
v 0.171692 -0.044684 0.024975
v 0.171692 -0.046228 0.036404
v 0.171692 -0.045163 0.035466
v 0.171692 -0.045926 0.036358
v 0.171692 -0.045643 0.036225
v 0.171692 -0.045407 0.036017
v 0.171692 -0.045242 0.035756
v 0.171692 -0.052748 0.024929
v 0.171692 -0.053609 0.025868
v 0.171692 -0.053041 0.024975
v 0.171692 -0.053295 0.025108
v 0.171692 -0.053485 0.025316
v 0.171692 -0.053593 0.025578
v 0.171692 -0.052562 0.035466
v 0.171692 -0.051497 0.036404
v 0.171692 -0.052483 0.035756
v 0.171692 -0.052318 0.036017
v 0.171692 -0.052082 0.036225
v 0.171692 -0.051799 0.036358
v 0.180965 -0.044977 0.024929
v 0.181987 -0.045085 0.025873
v 0.180965 -0.044116 0.025868
v 0.181281 -0.044983 0.024976
v 0.181566 -0.044999 0.025110
v 0.180965 -0.044683 0.024974
v 0.181291 -0.044683 0.025030
v 0.181552 -0.044707 0.025156
v 0.180965 -0.044429 0.025107
v 0.181280 -0.044448 0.025156
v 0.181506 -0.044503 0.025246
v 0.181937 -0.044787 0.025872
v 0.181792 -0.044517 0.025871
v 0.181937 -0.045052 0.025582
v 0.181878 -0.044743 0.025573
v 0.181741 -0.044498 0.025582
v 0.181792 -0.045023 0.025319
v 0.181740 -0.044727 0.025331
v 0.181643 -0.044517 0.025372
v 0.180965 -0.044131 0.025577
v 0.180965 -0.044239 0.025315
v 0.181281 -0.044165 0.025869
v 0.181290 -0.044187 0.025568
v 0.181279 -0.044289 0.025329
v 0.181566 -0.044303 0.025870
v 0.181553 -0.044319 0.025580
v 0.181506 -0.044387 0.025372
v 0.180965 -0.046228 0.036404
v 0.180965 -0.045163 0.035466
v 0.181987 -0.046131 0.035460
v 0.180965 -0.045925 0.036359
v 0.180965 -0.045642 0.036226
v 0.181281 -0.046224 0.036358
v 0.181290 -0.045910 0.036304
v 0.181279 -0.045651 0.036178
v 0.181566 -0.046210 0.036223
v 0.181553 -0.045908 0.036176
v 0.181506 -0.045685 0.036088
v 0.181281 -0.045211 0.035465
v 0.181566 -0.045349 0.035464
v 0.180965 -0.045241 0.035756
v 0.181291 -0.045299 0.035763
v 0.181552 -0.045428 0.035752
v 0.180965 -0.045406 0.036018
v 0.181280 -0.045454 0.036005
v 0.181506 -0.045542 0.035961
v 0.181937 -0.046161 0.035751
v 0.181792 -0.046189 0.036014
v 0.181937 -0.045832 0.035461
v 0.181878 -0.045856 0.035762
v 0.181741 -0.045891 0.036002
v 0.181792 -0.045563 0.035462
v 0.181740 -0.045606 0.035752
v 0.181643 -0.045672 0.035961
v 0.180965 -0.052748 0.024929
v 0.180965 -0.053609 0.025868
v 0.181987 -0.052640 0.025873
v 0.180965 -0.053042 0.024974
v 0.180965 -0.053296 0.025107
v 0.181281 -0.052742 0.024976
v 0.181290 -0.053044 0.025030
v 0.181279 -0.053276 0.025155
v 0.181566 -0.052726 0.025110
v 0.181553 -0.053018 0.025157
v 0.181506 -0.053222 0.025246
v 0.181281 -0.053560 0.025869
v 0.181566 -0.053422 0.025870
v 0.180965 -0.053594 0.025577
v 0.181291 -0.053538 0.025570
v 0.181552 -0.053406 0.025581
v 0.180965 -0.053486 0.025315
v 0.181280 -0.053435 0.025328
v 0.181506 -0.053338 0.025372
v 0.181937 -0.052673 0.025582
v 0.181792 -0.052702 0.025319
v 0.181937 -0.052938 0.025872
v 0.181878 -0.052980 0.025571
v 0.181741 -0.052997 0.025331
v 0.181792 -0.053208 0.025871
v 0.181740 -0.053228 0.025581
v 0.181643 -0.053208 0.025372
v 0.180965 -0.051497 0.036404
v 0.181987 -0.051594 0.035460
v 0.180965 -0.052562 0.035466
v 0.181281 -0.051501 0.036358
v 0.181566 -0.051515 0.036223
v 0.180965 -0.051800 0.036359
v 0.181291 -0.051813 0.036304
v 0.181552 -0.051816 0.036177
v 0.180965 -0.052083 0.036226
v 0.181280 -0.052075 0.036178
v 0.181506 -0.052040 0.036088
v 0.181937 -0.051893 0.035461
v 0.181792 -0.052162 0.035462
v 0.181937 -0.051564 0.035751
v 0.181878 -0.051871 0.035760
v 0.181741 -0.052118 0.035751
v 0.181792 -0.051536 0.036014
v 0.181740 -0.051835 0.036003
v 0.181643 -0.052053 0.035961
v 0.180965 -0.052484 0.035756
v 0.180965 -0.052319 0.036018
v 0.181281 -0.052514 0.035465
v 0.181290 -0.052426 0.035765
v 0.181279 -0.052271 0.036005
v 0.181566 -0.052376 0.035464
v 0.181553 -0.052297 0.035753
v 0.181506 -0.052183 0.035961
v 0.117504 -0.052748 0.024929
v 0.116741 -0.052643 0.025842
v 0.117804 -0.053609 0.025868
v 0.117196 -0.052743 0.024970
v 0.116945 -0.052728 0.025098
v 0.117524 -0.053041 0.024978
v 0.117208 -0.053043 0.025028
v 0.116979 -0.053018 0.025149
v 0.117570 -0.053295 0.025113
v 0.117263 -0.053277 0.025156
v 0.117057 -0.053223 0.025241
v 0.116798 -0.052941 0.025847
v 0.116952 -0.053210 0.025852
v 0.116705 -0.052676 0.025557
v 0.116770 -0.052984 0.025554
v 0.116918 -0.053229 0.025568
v 0.116776 -0.052705 0.025300
v 0.116839 -0.053000 0.025317
v 0.116955 -0.053209 0.025363
v 0.117717 -0.053593 0.025581
v 0.117636 -0.053485 0.025321
v 0.117481 -0.053561 0.025863
v 0.117382 -0.053538 0.025567
v 0.117319 -0.053435 0.025329
v 0.117187 -0.053424 0.025858
v 0.117114 -0.053407 0.025572
v 0.117098 -0.053338 0.025367
v 0.117504 -0.044977 0.024929
v 0.117804 -0.044116 0.025868
v 0.116741 -0.045081 0.025842
v 0.117524 -0.044684 0.024978
v 0.117570 -0.044430 0.025113
v 0.117196 -0.044982 0.024970
v 0.117210 -0.044681 0.025028
v 0.117263 -0.044449 0.025155
v 0.116945 -0.044997 0.025098
v 0.116979 -0.044706 0.025149
v 0.117057 -0.044502 0.025241
v 0.117481 -0.044164 0.025863
v 0.117187 -0.044301 0.025858
v 0.117717 -0.044132 0.025581
v 0.117380 -0.044187 0.025568
v 0.117115 -0.044318 0.025573
v 0.117636 -0.044240 0.025321
v 0.117318 -0.044290 0.025329
v 0.117098 -0.044387 0.025367
v 0.116705 -0.045049 0.025557
v 0.116776 -0.045020 0.025300
v 0.116798 -0.044783 0.025847
v 0.116770 -0.044742 0.025552
v 0.116838 -0.044726 0.025318
v 0.116952 -0.044515 0.025852
v 0.116919 -0.044495 0.025568
v 0.116955 -0.044516 0.025363
v 0.120518 -0.045163 0.035466
v 0.120749 -0.046228 0.036404
v 0.119469 -0.046134 0.035491
v 0.120593 -0.045241 0.035753
v 0.120659 -0.045405 0.036012
v 0.120197 -0.045212 0.035470
v 0.120266 -0.045299 0.035766
v 0.120337 -0.045454 0.036004
v 0.119907 -0.045350 0.035475
v 0.119995 -0.045429 0.035761
v 0.120095 -0.045543 0.035967
v 0.120417 -0.046224 0.036363
v 0.120094 -0.046212 0.036235
v 0.120742 -0.045924 0.036355
v 0.120397 -0.045912 0.036305
v 0.120100 -0.045910 0.036185
v 0.120711 -0.045641 0.036220
v 0.120379 -0.045650 0.036177
v 0.120126 -0.045686 0.036093
v 0.119524 -0.045835 0.035486
v 0.119675 -0.045565 0.035481
v 0.119595 -0.046164 0.035777
v 0.119662 -0.045856 0.035779
v 0.119801 -0.045608 0.035765
v 0.119811 -0.046191 0.036033
v 0.119864 -0.045892 0.036016
v 0.119954 -0.045673 0.035970
v 0.120749 -0.051497 0.036404
v 0.120518 -0.052562 0.035466
v 0.119469 -0.051591 0.035491
v 0.120742 -0.051800 0.036355
v 0.120711 -0.052084 0.036220
v 0.120417 -0.051500 0.036363
v 0.120399 -0.051815 0.036305
v 0.120380 -0.052074 0.036178
v 0.120094 -0.051513 0.036235
v 0.120099 -0.051816 0.036184
v 0.120126 -0.052039 0.036093
v 0.120197 -0.052513 0.035470
v 0.119907 -0.052375 0.035475
v 0.120593 -0.052484 0.035753
v 0.120264 -0.052426 0.035765
v 0.119995 -0.052297 0.035760
v 0.120659 -0.052320 0.036012
v 0.120337 -0.052271 0.036005
v 0.120095 -0.052182 0.035967
v 0.119595 -0.051561 0.035777
v 0.119811 -0.051534 0.036033
v 0.119524 -0.051890 0.035486
v 0.119662 -0.051867 0.035781
v 0.119863 -0.051832 0.036016
v 0.119675 -0.052160 0.035481
v 0.119802 -0.052118 0.035766
v 0.119954 -0.052052 0.035970
v 0.171692 -0.024722 0.025868
v 0.171692 -0.025583 0.024929
v 0.171692 -0.024738 0.025578
v 0.171692 -0.024846 0.025316
v 0.171692 -0.025037 0.025108
v 0.171692 -0.025290 0.024975
v 0.171692 -0.026834 0.036404
v 0.171692 -0.025769 0.035466
v 0.171692 -0.026532 0.036358
v 0.171692 -0.026249 0.036225
v 0.171692 -0.026013 0.036017
v 0.171692 -0.025848 0.035756
v 0.171692 -0.033354 0.024929
v 0.171692 -0.034215 0.025868
v 0.171692 -0.033647 0.024975
v 0.171692 -0.033901 0.025108
v 0.171692 -0.034091 0.025316
v 0.171692 -0.034199 0.025578
v 0.171692 -0.033168 0.035466
v 0.171692 -0.032103 0.036404
v 0.171692 -0.033089 0.035756
v 0.171692 -0.032924 0.036017
v 0.171692 -0.032688 0.036225
v 0.171692 -0.032406 0.036358
v 0.180965 -0.025583 0.024929
v 0.181987 -0.025691 0.025873
v 0.180965 -0.024722 0.025868
v 0.181281 -0.025589 0.024976
v 0.181566 -0.025605 0.025110
v 0.180965 -0.025289 0.024974
v 0.181291 -0.025289 0.025030
v 0.181552 -0.025314 0.025156
v 0.180965 -0.025035 0.025107
v 0.181280 -0.025054 0.025156
v 0.181506 -0.025109 0.025246
v 0.181937 -0.025393 0.025872
v 0.181792 -0.025123 0.025871
v 0.181937 -0.025659 0.025582
v 0.181878 -0.025349 0.025573
v 0.181741 -0.025104 0.025582
v 0.181792 -0.025629 0.025319
v 0.181740 -0.025333 0.025331
v 0.181643 -0.025123 0.025372
v 0.180965 -0.024737 0.025577
v 0.180965 -0.024845 0.025315
v 0.181281 -0.024771 0.025869
v 0.181290 -0.024793 0.025568
v 0.181279 -0.024896 0.025329
v 0.181566 -0.024909 0.025870
v 0.181553 -0.024925 0.025580
v 0.181506 -0.024993 0.025372
v 0.180965 -0.026834 0.036404
v 0.180965 -0.025769 0.035466
v 0.181987 -0.026737 0.035460
v 0.180965 -0.026531 0.036359
v 0.180965 -0.026248 0.036226
v 0.181281 -0.026830 0.036358
v 0.181290 -0.026516 0.036304
v 0.181279 -0.026257 0.036178
v 0.181566 -0.026817 0.036223
v 0.181553 -0.026514 0.036176
v 0.181506 -0.026291 0.036088
v 0.181281 -0.025817 0.035465
v 0.181566 -0.025955 0.035464
v 0.180965 -0.025847 0.035756
v 0.181291 -0.025905 0.035763
v 0.181552 -0.026034 0.035752
v 0.180965 -0.026012 0.036018
v 0.181280 -0.026061 0.036005
v 0.181506 -0.026148 0.035961
v 0.181937 -0.026767 0.035751
v 0.181792 -0.026795 0.036014
v 0.181937 -0.026438 0.035461
v 0.181878 -0.026462 0.035762
v 0.181741 -0.026497 0.036002
v 0.181792 -0.026169 0.035462
v 0.181740 -0.026212 0.035752
v 0.181643 -0.026278 0.035961
v 0.180965 -0.033354 0.024929
v 0.180965 -0.034215 0.025868
v 0.181987 -0.033246 0.025873
v 0.180965 -0.033648 0.024974
v 0.180965 -0.033902 0.025107
v 0.181281 -0.033348 0.024976
v 0.181290 -0.033650 0.025030
v 0.181279 -0.033882 0.025155
v 0.181566 -0.033332 0.025110
v 0.181553 -0.033624 0.025157
v 0.181506 -0.033828 0.025246
v 0.181281 -0.034166 0.025869
v 0.181566 -0.034029 0.025870
v 0.180965 -0.034200 0.025577
v 0.181291 -0.034144 0.025570
v 0.181552 -0.034013 0.025581
v 0.180965 -0.034092 0.025315
v 0.181280 -0.034041 0.025328
v 0.181506 -0.033944 0.025372
v 0.181937 -0.033279 0.025582
v 0.181792 -0.033308 0.025319
v 0.181937 -0.033545 0.025872
v 0.181878 -0.033586 0.025571
v 0.181741 -0.033604 0.025331
v 0.181792 -0.033814 0.025871
v 0.181740 -0.033834 0.025581
v 0.181643 -0.033814 0.025372
v 0.180965 -0.032103 0.036404
v 0.181987 -0.032200 0.035460
v 0.180965 -0.033168 0.035466
v 0.181281 -0.032107 0.036358
v 0.181566 -0.032121 0.036223
v 0.180965 -0.032406 0.036359
v 0.181291 -0.032419 0.036304
v 0.181552 -0.032422 0.036177
v 0.180965 -0.032689 0.036226
v 0.181280 -0.032681 0.036178
v 0.181506 -0.032646 0.036088
v 0.181937 -0.032499 0.035461
v 0.181792 -0.032768 0.035462
v 0.181937 -0.032170 0.035751
v 0.181878 -0.032477 0.035760
v 0.181741 -0.032725 0.035751
v 0.181792 -0.032142 0.036014
v 0.181740 -0.032441 0.036003
v 0.181643 -0.032659 0.035961
v 0.180965 -0.033090 0.035756
v 0.180965 -0.032925 0.036018
v 0.181281 -0.033120 0.035465
v 0.181290 -0.033032 0.035765
v 0.181279 -0.032877 0.036005
v 0.181566 -0.032982 0.035464
v 0.181553 -0.032903 0.035753
v 0.181506 -0.032789 0.035961
v 0.117504 -0.033354 0.024929
v 0.116741 -0.033250 0.025842
v 0.117804 -0.034215 0.025868
v 0.117196 -0.033349 0.024970
v 0.116945 -0.033334 0.025098
v 0.117524 -0.033647 0.024978
v 0.117208 -0.033649 0.025028
v 0.116979 -0.033625 0.025149
v 0.117570 -0.033901 0.025113
v 0.117263 -0.033883 0.025156
v 0.117057 -0.033829 0.025241
v 0.116798 -0.033548 0.025847
v 0.116952 -0.033816 0.025852
v 0.116705 -0.033282 0.025557
v 0.116770 -0.033590 0.025554
v 0.116918 -0.033835 0.025568
v 0.116776 -0.033311 0.025300
v 0.116839 -0.033606 0.025317
v 0.116955 -0.033815 0.025363
v 0.117717 -0.034199 0.025581
v 0.117636 -0.034092 0.025321
v 0.117481 -0.034167 0.025863
v 0.117382 -0.034144 0.025567
v 0.117319 -0.034042 0.025329
v 0.117187 -0.034030 0.025858
v 0.117114 -0.034013 0.025572
v 0.117098 -0.033944 0.025367
v 0.117504 -0.025583 0.024929
v 0.117804 -0.024723 0.025868
v 0.116741 -0.025688 0.025842
v 0.117524 -0.025290 0.024978
v 0.117570 -0.025036 0.025113
v 0.117196 -0.025588 0.024970
v 0.117210 -0.025287 0.025028
v 0.117263 -0.025055 0.025155
v 0.116945 -0.025603 0.025098
v 0.116979 -0.025312 0.025149
v 0.117057 -0.025108 0.025241
v 0.117481 -0.024770 0.025863
v 0.117187 -0.024907 0.025858
v 0.117717 -0.024738 0.025581
v 0.117380 -0.024793 0.025568
v 0.117115 -0.024924 0.025573
v 0.117636 -0.024846 0.025321
v 0.117318 -0.024896 0.025329
v 0.117098 -0.024993 0.025367
v 0.116705 -0.025656 0.025557
v 0.116776 -0.025626 0.025300
v 0.116798 -0.025390 0.025847
v 0.116770 -0.025349 0.025552
v 0.116838 -0.025332 0.025318
v 0.116952 -0.025121 0.025852
v 0.116919 -0.025102 0.025568
v 0.116955 -0.025122 0.025363
v 0.120518 -0.025769 0.035466
v 0.120749 -0.026834 0.036404
v 0.119469 -0.026740 0.035491
v 0.120593 -0.025847 0.035753
v 0.120659 -0.026011 0.036012
v 0.120197 -0.025818 0.035470
v 0.120266 -0.025905 0.035766
v 0.120337 -0.026060 0.036004
v 0.119907 -0.025956 0.035475
v 0.119995 -0.026035 0.035761
v 0.120095 -0.026149 0.035967
v 0.120417 -0.026831 0.036363
v 0.120094 -0.026818 0.036235
v 0.120742 -0.026531 0.036355
v 0.120397 -0.026518 0.036305
v 0.120100 -0.026516 0.036185
v 0.120711 -0.026247 0.036220
v 0.120379 -0.026256 0.036177
v 0.120126 -0.026292 0.036093
v 0.119524 -0.026441 0.035486
v 0.119675 -0.026171 0.035481
v 0.119595 -0.026770 0.035777
v 0.119662 -0.026462 0.035779
v 0.119801 -0.026214 0.035765
v 0.119811 -0.026797 0.036033
v 0.119864 -0.026498 0.036016
v 0.119954 -0.026279 0.035970
v 0.120749 -0.032103 0.036404
v 0.120518 -0.033168 0.035466
v 0.119469 -0.032197 0.035491
v 0.120742 -0.032407 0.036355
v 0.120711 -0.032690 0.036220
v 0.120417 -0.032107 0.036363
v 0.120399 -0.032421 0.036305
v 0.120380 -0.032681 0.036178
v 0.120094 -0.032119 0.036235
v 0.120099 -0.032422 0.036184
v 0.120126 -0.032646 0.036093
v 0.120197 -0.033120 0.035470
v 0.119907 -0.032981 0.035475
v 0.120593 -0.033090 0.035753
v 0.120264 -0.033032 0.035765
v 0.119995 -0.032903 0.035760
v 0.120659 -0.032926 0.036012
v 0.120337 -0.032877 0.036005
v 0.120095 -0.032789 0.035967
v 0.119595 -0.032167 0.035777
v 0.119811 -0.032140 0.036033
v 0.119524 -0.032496 0.035486
v 0.119662 -0.032473 0.035781
v 0.119863 -0.032439 0.036016
v 0.119675 -0.032766 0.035481
v 0.119802 -0.032724 0.035766
v 0.119954 -0.032658 0.035970
v 0.171692 0.014065 0.025868
v 0.171692 0.013205 0.024929
v 0.171692 0.014050 0.025578
v 0.171692 0.013942 0.025316
v 0.171692 0.013751 0.025108
v 0.171692 0.013497 0.024975
v 0.171692 0.011954 0.036404
v 0.171692 0.013019 0.035466
v 0.171692 0.012256 0.036358
v 0.171692 0.012539 0.036225
v 0.171692 0.012775 0.036017
v 0.171692 0.012940 0.035756
v 0.171692 0.005433 0.024929
v 0.171692 0.004573 0.025868
v 0.171692 0.005141 0.024975
v 0.171692 0.004887 0.025108
v 0.171692 0.004697 0.025316
v 0.171692 0.004589 0.025578
v 0.171692 0.005620 0.035466
v 0.171692 0.006685 0.036404
v 0.171692 0.005698 0.035756
v 0.171692 0.005864 0.036017
v 0.171692 0.006099 0.036225
v 0.171692 0.006382 0.036358
v 0.180965 0.013205 0.024929
v 0.181987 0.013096 0.025873
v 0.180965 0.014065 0.025868
v 0.181281 0.013199 0.024976
v 0.181566 0.013183 0.025110
v 0.180965 0.013498 0.024974
v 0.181291 0.013499 0.025030
v 0.181552 0.013474 0.025156
v 0.180965 0.013752 0.025107
v 0.181280 0.013733 0.025156
v 0.181506 0.013679 0.025246
v 0.181937 0.013395 0.025872
v 0.181792 0.013665 0.025871
v 0.181937 0.013129 0.025582
v 0.181878 0.013438 0.025573
v 0.181741 0.013684 0.025582
v 0.181792 0.013159 0.025319
v 0.181740 0.013455 0.025331
v 0.181643 0.013664 0.025372
v 0.180965 0.014051 0.025577
v 0.180965 0.013943 0.025315
v 0.181281 0.014017 0.025869
v 0.181290 0.013995 0.025568
v 0.181279 0.013892 0.025329
v 0.181566 0.013879 0.025870
v 0.181553 0.013863 0.025580
v 0.181506 0.013794 0.025372
v 0.180965 0.011954 0.036404
v 0.180965 0.013019 0.035466
v 0.181987 0.012051 0.035460
v 0.180965 0.012257 0.036359
v 0.180965 0.012540 0.036226
v 0.181281 0.011958 0.036358
v 0.181290 0.012271 0.036304
v 0.181279 0.012531 0.036178
v 0.181566 0.011971 0.036223
v 0.181553 0.012273 0.036176
v 0.181506 0.012497 0.036088
v 0.181281 0.012971 0.035465
v 0.181566 0.012833 0.035464
v 0.180965 0.012941 0.035756
v 0.181291 0.012883 0.035763
v 0.181552 0.012754 0.035752
v 0.180965 0.012776 0.036018
v 0.181280 0.012727 0.036005
v 0.181506 0.012640 0.035961
v 0.181937 0.012020 0.035751
v 0.181792 0.011993 0.036014
v 0.181937 0.012349 0.035461
v 0.181878 0.012326 0.035762
v 0.181741 0.012291 0.036002
v 0.181792 0.012619 0.035462
v 0.181740 0.012576 0.035752
v 0.181643 0.012510 0.035961
v 0.180965 0.005433 0.024929
v 0.180965 0.004573 0.025868
v 0.181987 0.005542 0.025873
v 0.180965 0.005140 0.024974
v 0.180965 0.004886 0.025107
v 0.181281 0.005439 0.024976
v 0.181290 0.005138 0.025030
v 0.181279 0.004905 0.025155
v 0.181566 0.005455 0.025110
v 0.181553 0.005163 0.025157
v 0.181506 0.004959 0.025246
v 0.181281 0.004621 0.025869
v 0.181566 0.004759 0.025870
v 0.180965 0.004588 0.025577
v 0.181291 0.004644 0.025570
v 0.181552 0.004775 0.025581
v 0.180965 0.004695 0.025315
v 0.181280 0.004747 0.025328
v 0.181506 0.004844 0.025372
v 0.181937 0.005509 0.025582
v 0.181792 0.005479 0.025319
v 0.181937 0.005243 0.025872
v 0.181878 0.005201 0.025571
v 0.181741 0.005184 0.025331
v 0.181792 0.004974 0.025871
v 0.181740 0.004954 0.025581
v 0.181643 0.004974 0.025372
v 0.180965 0.006685 0.036404
v 0.181987 0.006587 0.035460
v 0.180965 0.005620 0.035466
v 0.181281 0.006681 0.036358
v 0.181566 0.006667 0.036223
v 0.180965 0.006382 0.036359
v 0.181291 0.006369 0.036304
v 0.181552 0.006366 0.036177
v 0.180965 0.006098 0.036226
v 0.181280 0.006107 0.036178
v 0.181506 0.006142 0.036088
v 0.181937 0.006289 0.035461
v 0.181792 0.006020 0.035462
v 0.181937 0.006618 0.035751
v 0.181878 0.006311 0.035760
v 0.181741 0.006063 0.035751
v 0.181792 0.006646 0.036014
v 0.181740 0.006347 0.036003
v 0.181643 0.006129 0.035961
v 0.180965 0.005698 0.035756
v 0.180965 0.005863 0.036018
v 0.181281 0.005668 0.035465
v 0.181290 0.005756 0.035765
v 0.181279 0.005910 0.036005
v 0.181566 0.005805 0.035464
v 0.181553 0.005885 0.035753
v 0.181506 0.005999 0.035961
v 0.117504 0.005433 0.024929
v 0.116741 0.005538 0.025842
v 0.117804 0.004573 0.025868
v 0.117196 0.005439 0.024970
v 0.116945 0.005454 0.025098
v 0.117524 0.005141 0.024978
v 0.117208 0.005139 0.025028
v 0.116979 0.005163 0.025149
v 0.117570 0.004887 0.025113
v 0.117263 0.004905 0.025156
v 0.117057 0.004959 0.025241
v 0.116798 0.005240 0.025847
v 0.116952 0.004971 0.025852
v 0.116705 0.005506 0.025557
v 0.116770 0.005198 0.025554
v 0.116918 0.004953 0.025568
v 0.116776 0.005477 0.025300
v 0.116839 0.005182 0.025317
v 0.116955 0.004973 0.025363
v 0.117717 0.004588 0.025581
v 0.117636 0.004696 0.025321
v 0.117481 0.004621 0.025863
v 0.117382 0.004643 0.025567
v 0.117319 0.004746 0.025329
v 0.117187 0.004758 0.025858
v 0.117114 0.004775 0.025572
v 0.117098 0.004843 0.025367
v 0.117504 0.013205 0.024929
v 0.117804 0.014065 0.025868
v 0.116741 0.013100 0.025842
v 0.117524 0.013498 0.024978
v 0.117570 0.013752 0.025113
v 0.117196 0.013199 0.024970
v 0.117210 0.013501 0.025028
v 0.117263 0.013733 0.025155
v 0.116945 0.013184 0.025098
v 0.116979 0.013476 0.025149
v 0.117057 0.013679 0.025241
v 0.117481 0.014018 0.025863
v 0.117187 0.013881 0.025858
v 0.117717 0.014050 0.025581
v 0.117380 0.013995 0.025568
v 0.117115 0.013864 0.025573
v 0.117636 0.013942 0.025321
v 0.117318 0.013891 0.025329
v 0.117098 0.013795 0.025367
v 0.116705 0.013132 0.025557
v 0.116776 0.013161 0.025300
v 0.116798 0.013398 0.025847
v 0.116770 0.013439 0.025552
v 0.116838 0.013456 0.025318
v 0.116952 0.013667 0.025852
v 0.116919 0.013686 0.025568
v 0.116955 0.013665 0.025363
v 0.120518 0.013019 0.035466
v 0.120749 0.011954 0.036404
v 0.119469 0.012048 0.035491
v 0.120593 0.012941 0.035753
v 0.120659 0.012776 0.036012
v 0.120197 0.012970 0.035470
v 0.120266 0.012883 0.035766
v 0.120337 0.012728 0.036004
v 0.119907 0.012832 0.035475
v 0.119995 0.012752 0.035761
v 0.120095 0.012639 0.035967
v 0.120417 0.011957 0.036363
v 0.120094 0.011970 0.036235
v 0.120742 0.012257 0.036355
v 0.120397 0.012270 0.036305
v 0.120100 0.012272 0.036185
v 0.120711 0.012540 0.036220
v 0.120379 0.012532 0.036177
v 0.120126 0.012496 0.036093
v 0.119524 0.012347 0.035486
v 0.119675 0.012617 0.035481
v 0.119595 0.012018 0.035777
v 0.119662 0.012326 0.035779
v 0.119801 0.012574 0.035765
v 0.119811 0.011991 0.036033
v 0.119864 0.012290 0.036016
v 0.119954 0.012509 0.035970
v 0.120749 0.006685 0.036404
v 0.120518 0.005620 0.035466
v 0.119469 0.006590 0.035491
v 0.120742 0.006381 0.036355
v 0.120711 0.006098 0.036220
v 0.120417 0.006681 0.036363
v 0.120399 0.006367 0.036305
v 0.120380 0.006107 0.036178
v 0.120094 0.006668 0.036235
v 0.120099 0.006366 0.036184
v 0.120126 0.006142 0.036093
v 0.120197 0.005668 0.035470
v 0.119907 0.005807 0.035475
v 0.120593 0.005697 0.035753
v 0.120264 0.005756 0.035765
v 0.119995 0.005885 0.035760
v 0.120659 0.005862 0.036012
v 0.120337 0.005911 0.036005
v 0.120095 0.005999 0.035967
v 0.119595 0.006620 0.035777
v 0.119811 0.006647 0.036033
v 0.119524 0.006291 0.035486
v 0.119662 0.006315 0.035781
v 0.119863 0.006349 0.036016
v 0.119675 0.006021 0.035481
v 0.119802 0.006064 0.035766
v 0.119954 0.006130 0.035970
v 0.171692 0.033459 0.025868
v 0.171692 0.032599 0.024929
v 0.171692 0.033444 0.025578
v 0.171692 0.033335 0.025316
v 0.171692 0.033145 0.025108
v 0.171692 0.032891 0.024975
v 0.171692 0.031347 0.036404
v 0.171692 0.032413 0.035466
v 0.171692 0.031650 0.036358
v 0.171692 0.031933 0.036225
v 0.171692 0.032168 0.036017
v 0.171692 0.032334 0.035756
v 0.171692 0.024827 0.024929
v 0.171692 0.023967 0.025868
v 0.171692 0.024535 0.024975
v 0.171692 0.024281 0.025108
v 0.171692 0.024091 0.025316
v 0.171692 0.023982 0.025578
v 0.171692 0.025014 0.035466
v 0.171692 0.026079 0.036404
v 0.171692 0.025092 0.035756
v 0.171692 0.025258 0.036017
v 0.171692 0.025493 0.036225
v 0.171692 0.025776 0.036358
v 0.180965 0.032599 0.024929
v 0.181987 0.032490 0.025873
v 0.180965 0.033459 0.025868
v 0.181281 0.032593 0.024976
v 0.181566 0.032577 0.025110
v 0.180965 0.032892 0.024974
v 0.181291 0.032893 0.025030
v 0.181552 0.032868 0.025156
v 0.180965 0.033146 0.025107
v 0.181280 0.033127 0.025156
v 0.181506 0.033073 0.025246
v 0.181937 0.032789 0.025872
v 0.181792 0.033058 0.025871
v 0.181937 0.032523 0.025582
v 0.181878 0.032832 0.025573
v 0.181741 0.033078 0.025582
v 0.181792 0.032553 0.025319
v 0.181740 0.032849 0.025331
v 0.181643 0.033058 0.025372
v 0.180965 0.033444 0.025577
v 0.180965 0.033337 0.025315
v 0.181281 0.033411 0.025869
v 0.181290 0.033389 0.025568
v 0.181279 0.033286 0.025329
v 0.181566 0.033273 0.025870
v 0.181553 0.033256 0.025580
v 0.181506 0.033188 0.025372
v 0.180965 0.031347 0.036404
v 0.180965 0.032413 0.035466
v 0.181987 0.031445 0.035460
v 0.180965 0.031651 0.036359
v 0.180965 0.031934 0.036226
v 0.181281 0.031352 0.036358
v 0.181290 0.031665 0.036304
v 0.181279 0.031925 0.036178
v 0.181566 0.031365 0.036223
v 0.181553 0.031667 0.036176
v 0.181506 0.031890 0.036088
v 0.181281 0.032365 0.035465
v 0.181566 0.032227 0.035464
v 0.180965 0.032334 0.035756
v 0.181291 0.032277 0.035763
v 0.181552 0.032148 0.035752
v 0.180965 0.032170 0.036018
v 0.181280 0.032121 0.036005
v 0.181506 0.032033 0.035961
v 0.181937 0.031414 0.035751
v 0.181792 0.031387 0.036014
v 0.181937 0.031743 0.035461
v 0.181878 0.031720 0.035762
v 0.181741 0.031684 0.036002
v 0.181792 0.032013 0.035462
v 0.181740 0.031969 0.035752
v 0.181643 0.031904 0.035961
v 0.180965 0.024827 0.024929
v 0.180965 0.023967 0.025868
v 0.181987 0.024936 0.025873
v 0.180965 0.024534 0.024974
v 0.180965 0.024280 0.025107
v 0.181281 0.024833 0.024976
v 0.181290 0.024531 0.025030
v 0.181279 0.024299 0.025155
v 0.181566 0.024849 0.025110
v 0.181553 0.024557 0.025157
v 0.181506 0.024353 0.025246
v 0.181281 0.024015 0.025869
v 0.181566 0.024153 0.025870
v 0.180965 0.023982 0.025577
v 0.181291 0.024038 0.025570
v 0.181552 0.024169 0.025581
v 0.180965 0.024089 0.025315
v 0.181280 0.024141 0.025328
v 0.181506 0.024238 0.025372
v 0.181937 0.024903 0.025582
v 0.181792 0.024873 0.025319
v 0.181937 0.024637 0.025872
v 0.181878 0.024595 0.025571
v 0.181741 0.024578 0.025331
v 0.181792 0.024368 0.025871
v 0.181740 0.024348 0.025581
v 0.181643 0.024368 0.025372
v 0.180965 0.026079 0.036404
v 0.181987 0.025981 0.035460
v 0.180965 0.025014 0.035466
v 0.181281 0.026074 0.036358
v 0.181566 0.026061 0.036223
v 0.180965 0.025775 0.036359
v 0.181291 0.025762 0.036304
v 0.181552 0.025760 0.036177
v 0.180965 0.025492 0.036226
v 0.181280 0.025501 0.036178
v 0.181506 0.025536 0.036088
v 0.181937 0.025683 0.035461
v 0.181792 0.025413 0.035462
v 0.181937 0.026012 0.035751
v 0.181878 0.025705 0.035760
v 0.181741 0.025457 0.035751
v 0.181792 0.026039 0.036014
v 0.181740 0.025741 0.036003
v 0.181643 0.025523 0.035961
v 0.180965 0.025092 0.035756
v 0.180965 0.025257 0.036018
v 0.181281 0.025062 0.035465
v 0.181290 0.025149 0.035765
v 0.181279 0.025304 0.036005
v 0.181566 0.025199 0.035464
v 0.181553 0.025279 0.035753
v 0.181506 0.025393 0.035961
v 0.117504 0.024827 0.024929
v 0.116741 0.024932 0.025842
v 0.117804 0.023967 0.025868
v 0.117196 0.024833 0.024970
v 0.116945 0.024848 0.025098
v 0.117524 0.024534 0.024978
v 0.117208 0.024533 0.025028
v 0.116979 0.024557 0.025149
v 0.117570 0.024281 0.025113
v 0.117263 0.024299 0.025156
v 0.117057 0.024353 0.025241
v 0.116798 0.024634 0.025847
v 0.116952 0.024365 0.025852
v 0.116705 0.024900 0.025557
v 0.116770 0.024592 0.025554
v 0.116918 0.024347 0.025568
v 0.116776 0.024871 0.025300
v 0.116839 0.024576 0.025317
v 0.116955 0.024367 0.025363
v 0.117717 0.023982 0.025581
v 0.117636 0.024090 0.025321
v 0.117481 0.024015 0.025863
v 0.117382 0.024037 0.025567
v 0.117319 0.024140 0.025329
v 0.117187 0.024152 0.025858
v 0.117114 0.024169 0.025572
v 0.117098 0.024237 0.025367
v 0.117504 0.032599 0.024929
v 0.117804 0.033459 0.025868
v 0.116741 0.032494 0.025842
v 0.117524 0.032892 0.024978
v 0.117570 0.033145 0.025113
v 0.117196 0.032593 0.024970
v 0.117210 0.032895 0.025028
v 0.117263 0.033127 0.025155
v 0.116945 0.032578 0.025098
v 0.116979 0.032870 0.025149
v 0.117057 0.033073 0.025241
v 0.117481 0.033412 0.025863
v 0.117187 0.033274 0.025858
v 0.117717 0.033444 0.025581
v 0.117380 0.033389 0.025568
v 0.117115 0.033258 0.025573
v 0.117636 0.033336 0.025321
v 0.117318 0.033285 0.025329
v 0.117098 0.033189 0.025367
v 0.116705 0.032526 0.025557
v 0.116776 0.032555 0.025300
v 0.116798 0.032792 0.025847
v 0.116770 0.032833 0.025552
v 0.116838 0.032850 0.025318
v 0.116952 0.033061 0.025852
v 0.116919 0.033080 0.025568
v 0.116955 0.033059 0.025363
v 0.120518 0.032413 0.035466
v 0.120749 0.031347 0.036404
v 0.119469 0.031442 0.035491
v 0.120593 0.032335 0.035753
v 0.120659 0.032170 0.036012
v 0.120197 0.032364 0.035470
v 0.120266 0.032276 0.035766
v 0.120337 0.032122 0.036004
v 0.119907 0.032226 0.035475
v 0.119995 0.032146 0.035761
v 0.120095 0.032033 0.035967
v 0.120417 0.031351 0.036363
v 0.120094 0.031364 0.036235
v 0.120742 0.031651 0.036355
v 0.120397 0.031663 0.036305
v 0.120100 0.031666 0.036185
v 0.120711 0.031934 0.036220
v 0.120379 0.031926 0.036177
v 0.120126 0.031890 0.036093
v 0.119524 0.031741 0.035486
v 0.119675 0.032011 0.035481
v 0.119595 0.031412 0.035777
v 0.119662 0.031720 0.035779
v 0.119801 0.031968 0.035765
v 0.119811 0.031385 0.036033
v 0.119864 0.031684 0.036016
v 0.119954 0.031903 0.035970
v 0.120749 0.026079 0.036404
v 0.120518 0.025014 0.035466
v 0.119469 0.025984 0.035491
v 0.120742 0.025775 0.036355
v 0.120711 0.025492 0.036220
v 0.120417 0.026075 0.036363
v 0.120399 0.025761 0.036305
v 0.120380 0.025501 0.036178
v 0.120094 0.026062 0.036235
v 0.120099 0.025760 0.036184
v 0.120126 0.025536 0.036093
v 0.120197 0.025062 0.035470
v 0.119907 0.025200 0.035475
v 0.120593 0.025091 0.035753
v 0.120264 0.025149 0.035765
v 0.119995 0.025279 0.035760
v 0.120659 0.025256 0.036012
v 0.120337 0.025305 0.036005
v 0.120095 0.025393 0.035967
v 0.119595 0.026014 0.035777
v 0.119811 0.026041 0.036033
v 0.119524 0.025685 0.035486
v 0.119662 0.025708 0.035781
v 0.119863 0.025743 0.036016
v 0.119675 0.025415 0.035481
v 0.119802 0.025458 0.035766
v 0.119954 0.025523 0.035970
v 0.171692 0.072247 0.025868
v 0.171692 0.071387 0.024929
v 0.171692 0.072231 0.025578
v 0.171692 0.072123 0.025316
v 0.171692 0.071933 0.025108
v 0.171692 0.071679 0.024975
v 0.171692 0.070135 0.036404
v 0.171692 0.071200 0.035466
v 0.171692 0.070438 0.036358
v 0.171692 0.070721 0.036225
v 0.171692 0.070956 0.036017
v 0.171692 0.071122 0.035756
v 0.171692 0.063615 0.024929
v 0.171692 0.062755 0.025868
v 0.171692 0.063323 0.024975
v 0.171692 0.063069 0.025108
v 0.171692 0.062878 0.025316
v 0.171692 0.062770 0.025578
v 0.171692 0.063801 0.035466
v 0.171692 0.064866 0.036404
v 0.171692 0.063880 0.035756
v 0.171692 0.064045 0.036017
v 0.171692 0.064281 0.036225
v 0.171692 0.064564 0.036358
v 0.180965 0.071387 0.024929
v 0.181987 0.071278 0.025873
v 0.180965 0.072247 0.025868
v 0.181281 0.071380 0.024976
v 0.181566 0.071365 0.025110
v 0.180965 0.071680 0.024974
v 0.181291 0.071681 0.025030
v 0.181552 0.071656 0.025156
v 0.180965 0.071934 0.025107
v 0.181280 0.071915 0.025156
v 0.181506 0.071860 0.025246
v 0.181937 0.071577 0.025872
v 0.181792 0.071846 0.025871
v 0.181937 0.071311 0.025582
v 0.181878 0.071620 0.025573
v 0.181741 0.071866 0.025582
v 0.181792 0.071341 0.025319
v 0.181740 0.071637 0.025331
v 0.181643 0.071846 0.025372
v 0.180965 0.072232 0.025577
v 0.180965 0.072124 0.025315
v 0.181281 0.072199 0.025869
v 0.181290 0.072176 0.025568
v 0.181279 0.072074 0.025329
v 0.181566 0.072061 0.025870
v 0.181553 0.072044 0.025580
v 0.181506 0.071976 0.025372
v 0.180965 0.070135 0.036404
v 0.180965 0.071200 0.035466
v 0.181987 0.070233 0.035460
v 0.180965 0.070438 0.036359
v 0.180965 0.070721 0.036226
v 0.181281 0.070139 0.036358
v 0.181290 0.070453 0.036304
v 0.181279 0.070713 0.036178
v 0.181566 0.070153 0.036223
v 0.181553 0.070455 0.036176
v 0.181506 0.070678 0.036088
v 0.181281 0.071152 0.035465
v 0.181566 0.071015 0.035464
v 0.180965 0.071122 0.035756
v 0.181291 0.071065 0.035763
v 0.181552 0.070936 0.035752
v 0.180965 0.070957 0.036018
v 0.181280 0.070909 0.036005
v 0.181506 0.070821 0.035961
v 0.181937 0.070202 0.035751
v 0.181792 0.070174 0.036014
v 0.181937 0.070531 0.035461
v 0.181878 0.070507 0.035762
v 0.181741 0.070472 0.036002
v 0.181792 0.070800 0.035462
v 0.181740 0.070757 0.035752
v 0.181643 0.070691 0.035961
v 0.180965 0.063615 0.024929
v 0.180965 0.062755 0.025868
v 0.181987 0.063723 0.025873
v 0.180965 0.063322 0.024974
v 0.180965 0.063068 0.025107
v 0.181281 0.063621 0.024976
v 0.181290 0.063319 0.025030
v 0.181279 0.063087 0.025155
v 0.181566 0.063637 0.025110
v 0.181553 0.063345 0.025157
v 0.181506 0.063141 0.025246
v 0.181281 0.062803 0.025869
v 0.181566 0.062941 0.025870
v 0.180965 0.062769 0.025577
v 0.181291 0.062825 0.025570
v 0.181552 0.062957 0.025581
v 0.180965 0.062877 0.025315
v 0.181280 0.062928 0.025328
v 0.181506 0.063026 0.025372
v 0.181937 0.063691 0.025582
v 0.181792 0.063661 0.025319
v 0.181937 0.063425 0.025872
v 0.181878 0.063383 0.025571
v 0.181741 0.063366 0.025331
v 0.181792 0.063155 0.025871
v 0.181740 0.063135 0.025581
v 0.181643 0.063156 0.025372
v 0.180965 0.064866 0.036404
v 0.181987 0.064769 0.035460
v 0.180965 0.063801 0.035466
v 0.181281 0.064862 0.036358
v 0.181566 0.064849 0.036223
v 0.180965 0.064563 0.036359
v 0.181291 0.064550 0.036304
v 0.181552 0.064547 0.036177
v 0.180965 0.064280 0.036226
v 0.181280 0.064288 0.036178
v 0.181506 0.064323 0.036088
v 0.181937 0.064470 0.035461
v 0.181792 0.064201 0.035462
v 0.181937 0.064800 0.035751
v 0.181878 0.064492 0.035760
v 0.181741 0.064245 0.035751
v 0.181792 0.064827 0.036014
v 0.181740 0.064529 0.036003
v 0.181643 0.064310 0.035961
v 0.180965 0.063879 0.035756
v 0.180965 0.064044 0.036018
v 0.181281 0.063849 0.035465
v 0.181290 0.063937 0.035765
v 0.181279 0.064092 0.036005
v 0.181566 0.063987 0.035464
v 0.181553 0.064067 0.035753
v 0.181506 0.064180 0.035961
v 0.117504 0.063615 0.024929
v 0.116741 0.063720 0.025842
v 0.117804 0.062755 0.025868
v 0.117196 0.063620 0.024970
v 0.116945 0.063635 0.025098
v 0.117524 0.063322 0.024978
v 0.117208 0.063321 0.025028
v 0.116979 0.063345 0.025149
v 0.117570 0.063068 0.025113
v 0.117263 0.063087 0.025156
v 0.117057 0.063140 0.025241
v 0.116798 0.063422 0.025847
v 0.116952 0.063153 0.025852
v 0.116705 0.063688 0.025557
v 0.116770 0.063379 0.025554
v 0.116918 0.063134 0.025568
v 0.116776 0.063659 0.025300
v 0.116839 0.063363 0.025317
v 0.116955 0.063155 0.025363
v 0.117717 0.062770 0.025581
v 0.117636 0.062878 0.025321
v 0.117481 0.062802 0.025863
v 0.117382 0.062825 0.025567
v 0.117319 0.062928 0.025329
v 0.117187 0.062939 0.025858
v 0.117114 0.062956 0.025572
v 0.117098 0.063025 0.025367
v 0.117504 0.071387 0.024929
v 0.117804 0.072247 0.025868
v 0.116741 0.071282 0.025842
v 0.117524 0.071679 0.024978
v 0.117570 0.071933 0.025113
v 0.117196 0.071381 0.024970
v 0.117210 0.071683 0.025028
v 0.117263 0.071915 0.025155
v 0.116945 0.071366 0.025098
v 0.116979 0.071657 0.025149
v 0.117057 0.071861 0.025241
v 0.117481 0.072199 0.025863
v 0.117187 0.072062 0.025858
v 0.117717 0.072232 0.025581
v 0.117380 0.072176 0.025568
v 0.117115 0.072046 0.025573
v 0.117636 0.072124 0.025321
v 0.117318 0.072073 0.025329
v 0.117098 0.071977 0.025367
v 0.116705 0.071314 0.025557
v 0.116776 0.071343 0.025300
v 0.116798 0.071580 0.025847
v 0.116770 0.071621 0.025552
v 0.116838 0.071637 0.025318
v 0.116952 0.071848 0.025852
v 0.116919 0.071868 0.025568
v 0.116955 0.071847 0.025363
v 0.120518 0.071200 0.035466
v 0.120749 0.070135 0.036404
v 0.119469 0.070230 0.035491
v 0.120593 0.071123 0.035753
v 0.120659 0.070958 0.036012
v 0.120197 0.071152 0.035470
v 0.120266 0.071064 0.035766
v 0.120337 0.070910 0.036004
v 0.119907 0.071013 0.035475
v 0.119995 0.070934 0.035761
v 0.120095 0.070821 0.035967
v 0.120417 0.070139 0.036363
v 0.120094 0.070152 0.036235
v 0.120742 0.070439 0.036355
v 0.120397 0.070451 0.036305
v 0.120100 0.070453 0.036185
v 0.120711 0.070722 0.036220
v 0.120379 0.070713 0.036177
v 0.120126 0.070678 0.036093
v 0.119524 0.070529 0.035486
v 0.119675 0.070799 0.035481
v 0.119595 0.070199 0.035777
v 0.119662 0.070507 0.035779
v 0.119801 0.070755 0.035765
v 0.119811 0.070173 0.036033
v 0.119864 0.070472 0.036016
v 0.119954 0.070690 0.035970
v 0.120749 0.064866 0.036404
v 0.120518 0.063801 0.035466
v 0.119469 0.064772 0.035491
v 0.120742 0.064563 0.036355
v 0.120711 0.064279 0.036220
v 0.120417 0.064863 0.036363
v 0.120399 0.064549 0.036305
v 0.120380 0.064289 0.036178
v 0.120094 0.064850 0.036235
v 0.120099 0.064547 0.036184
v 0.120126 0.064324 0.036093
v 0.120197 0.063850 0.035470
v 0.119907 0.063988 0.035475
v 0.120593 0.063879 0.035753
v 0.120264 0.063937 0.035765
v 0.119995 0.064067 0.035760
v 0.120659 0.064044 0.036012
v 0.120337 0.064093 0.036005
v 0.120095 0.064181 0.035967
v 0.119595 0.064802 0.035777
v 0.119811 0.064829 0.036033
v 0.119524 0.064473 0.035486
v 0.119662 0.064496 0.035781
v 0.119863 0.064531 0.036016
v 0.119675 0.064203 0.035481
v 0.119802 0.064246 0.035766
v 0.119954 0.064311 0.035970
v 0.171692 0.091641 0.025868
v 0.171692 0.090780 0.024929
v 0.171692 0.091625 0.025578
v 0.171692 0.091517 0.025316
v 0.171692 0.091327 0.025108
v 0.171692 0.091073 0.024975
v 0.171692 0.089529 0.036404
v 0.171692 0.090594 0.035466
v 0.171692 0.089832 0.036358
v 0.171692 0.090114 0.036225
v 0.171692 0.090350 0.036017
v 0.171692 0.090515 0.035756
v 0.171692 0.083009 0.024929
v 0.171692 0.082149 0.025868
v 0.171692 0.082716 0.024975
v 0.171692 0.082463 0.025108
v 0.171692 0.082272 0.025316
v 0.171692 0.082164 0.025578
v 0.171692 0.083195 0.035466
v 0.171692 0.084260 0.036404
v 0.171692 0.083274 0.035756
v 0.171692 0.083439 0.036017
v 0.171692 0.083675 0.036225
v 0.171692 0.083958 0.036358
v 0.180965 0.090780 0.024929
v 0.181987 0.090672 0.025873
v 0.180965 0.091641 0.025868
v 0.181281 0.090774 0.024976
v 0.181566 0.090759 0.025110
v 0.180965 0.091074 0.024974
v 0.181291 0.091075 0.025030
v 0.181552 0.091050 0.025156
v 0.180965 0.091328 0.025107
v 0.181280 0.091309 0.025156
v 0.181506 0.091254 0.025246
v 0.181937 0.090971 0.025872
v 0.181792 0.091240 0.025871
v 0.181937 0.090705 0.025582
v 0.181878 0.091014 0.025573
v 0.181741 0.091260 0.025582
v 0.181792 0.090734 0.025319
v 0.181740 0.091030 0.025331
v 0.181643 0.091240 0.025372
v 0.180965 0.091626 0.025577
v 0.180965 0.091518 0.025315
v 0.181281 0.091593 0.025869
v 0.181290 0.091570 0.025568
v 0.181279 0.091468 0.025329
v 0.181566 0.091455 0.025870
v 0.181553 0.091438 0.025580
v 0.181506 0.091370 0.025372
v 0.180965 0.089529 0.036404
v 0.180965 0.090594 0.035466
v 0.181987 0.089627 0.035460
v 0.180965 0.089832 0.036359
v 0.180965 0.090115 0.036226
v 0.181281 0.089533 0.036358
v 0.181290 0.089847 0.036304
v 0.181279 0.090107 0.036178
v 0.181566 0.089547 0.036223
v 0.181553 0.089849 0.036176
v 0.181506 0.090072 0.036088
v 0.181281 0.090546 0.035465
v 0.181566 0.090408 0.035464
v 0.180965 0.090516 0.035756
v 0.181291 0.090458 0.035763
v 0.181552 0.090329 0.035752
v 0.180965 0.090351 0.036018
v 0.181280 0.090303 0.036005
v 0.181506 0.090215 0.035961
v 0.181937 0.089596 0.035751
v 0.181792 0.089568 0.036014
v 0.181937 0.089925 0.035461
v 0.181878 0.089901 0.035762
v 0.181741 0.089866 0.036002
v 0.181792 0.090194 0.035462
v 0.181740 0.090151 0.035752
v 0.181643 0.090085 0.035961
v 0.180965 0.083009 0.024929
v 0.180965 0.082149 0.025868
v 0.181987 0.083117 0.025873
v 0.180965 0.082716 0.024974
v 0.180965 0.082461 0.025107
v 0.181281 0.083015 0.024976
v 0.181290 0.082713 0.025030
v 0.181279 0.082481 0.025155
v 0.181566 0.083031 0.025110
v 0.181553 0.082739 0.025157
v 0.181506 0.082535 0.025246
v 0.181281 0.082197 0.025869
v 0.181566 0.082335 0.025870
v 0.180965 0.082163 0.025577
v 0.181291 0.082219 0.025570
v 0.181552 0.082351 0.025581
v 0.180965 0.082271 0.025315
v 0.181280 0.082322 0.025328
v 0.181506 0.082419 0.025372
v 0.181937 0.083085 0.025582
v 0.181792 0.083055 0.025319
v 0.181937 0.082819 0.025872
v 0.181878 0.082777 0.025571
v 0.181741 0.082760 0.025331
v 0.181792 0.082549 0.025871
v 0.181740 0.082529 0.025581
v 0.181643 0.082550 0.025372
v 0.180965 0.084260 0.036404
v 0.181987 0.084163 0.035460
v 0.180965 0.083195 0.035466
v 0.181281 0.084256 0.036358
v 0.181566 0.084243 0.036223
v 0.180965 0.083957 0.036359
v 0.181291 0.083944 0.036304
v 0.181552 0.083941 0.036177
v 0.180965 0.083674 0.036226
v 0.181280 0.083682 0.036178
v 0.181506 0.083717 0.036088
v 0.181937 0.083864 0.035461
v 0.181792 0.083595 0.035462
v 0.181937 0.084194 0.035751
v 0.181878 0.083886 0.035760
v 0.181741 0.083639 0.035751
v 0.181792 0.084221 0.036014
v 0.181740 0.083923 0.036003
v 0.181643 0.083704 0.035961
v 0.180965 0.083273 0.035756
v 0.180965 0.083438 0.036018
v 0.181281 0.083243 0.035465
v 0.181290 0.083331 0.035765
v 0.181279 0.083486 0.036005
v 0.181566 0.083381 0.035464
v 0.181553 0.083461 0.035753
v 0.181506 0.083574 0.035961
v 0.117504 0.083009 0.024929
v 0.116741 0.083114 0.025842
v 0.117804 0.082149 0.025868
v 0.117196 0.083014 0.024970
v 0.116945 0.083029 0.025098
v 0.117524 0.082716 0.024978
v 0.117208 0.082715 0.025028
v 0.116979 0.082739 0.025149
v 0.117570 0.082462 0.025113
v 0.117263 0.082480 0.025156
v 0.117057 0.082534 0.025241
v 0.116798 0.082816 0.025847
v 0.116952 0.082547 0.025852
v 0.116705 0.083082 0.025557
v 0.116770 0.082773 0.025554
v 0.116918 0.082528 0.025568
v 0.116776 0.083053 0.025300
v 0.116839 0.082757 0.025317
v 0.116955 0.082548 0.025363
v 0.117717 0.082164 0.025581
v 0.117636 0.082272 0.025321
v 0.117481 0.082196 0.025863
v 0.117382 0.082219 0.025567
v 0.117319 0.082322 0.025329
v 0.117187 0.082333 0.025858
v 0.117114 0.082350 0.025572
v 0.117098 0.082419 0.025367
v 0.117504 0.090780 0.024929
v 0.117804 0.091641 0.025868
v 0.116741 0.090676 0.025842
v 0.117524 0.091073 0.024978
v 0.117570 0.091327 0.025113
v 0.117196 0.090775 0.024970
v 0.117210 0.091076 0.025028
v 0.117263 0.091309 0.025155
v 0.116945 0.090760 0.025098
v 0.116979 0.091051 0.025149
v 0.117057 0.091255 0.025241
v 0.117481 0.091593 0.025863
v 0.117187 0.091456 0.025858
v 0.117717 0.091626 0.025581
v 0.117380 0.091570 0.025568
v 0.117115 0.091440 0.025573
v 0.117636 0.091518 0.025321
v 0.117318 0.091467 0.025329
v 0.117098 0.091370 0.025367
v 0.116705 0.090708 0.025557
v 0.116776 0.090737 0.025300
v 0.116798 0.090974 0.025847
v 0.116770 0.091015 0.025552
v 0.116838 0.091031 0.025318
v 0.116952 0.091242 0.025852
v 0.116919 0.091262 0.025568
v 0.116955 0.091241 0.025363
v 0.120518 0.090594 0.035466
v 0.120749 0.089529 0.036404
v 0.119469 0.089624 0.035491
v 0.120593 0.090516 0.035753
v 0.120659 0.090352 0.036012
v 0.120197 0.090546 0.035470
v 0.120266 0.090458 0.035766
v 0.120337 0.090303 0.036004
v 0.119907 0.090407 0.035475
v 0.119995 0.090328 0.035761
v 0.120095 0.090215 0.035967
v 0.120417 0.089533 0.036363
v 0.120094 0.089546 0.036235
v 0.120742 0.089833 0.036355
v 0.120397 0.089845 0.036305
v 0.120100 0.089847 0.036185
v 0.120711 0.090116 0.036220
v 0.120379 0.090107 0.036177
v 0.120126 0.090072 0.036093
v 0.119524 0.089923 0.035486
v 0.119675 0.090192 0.035481
v 0.119595 0.089593 0.035777
v 0.119662 0.089901 0.035779
v 0.119801 0.090149 0.035765
v 0.119811 0.089566 0.036033
v 0.119864 0.089865 0.036016
v 0.119954 0.090084 0.035970
v 0.120749 0.084260 0.036404
v 0.120518 0.083195 0.035466
v 0.119469 0.084166 0.035491
v 0.120742 0.083957 0.036355
v 0.120711 0.083673 0.036220
v 0.120417 0.084257 0.036363
v 0.120399 0.083943 0.036305
v 0.120380 0.083683 0.036178
v 0.120094 0.084244 0.036235
v 0.120099 0.083941 0.036184
v 0.120126 0.083718 0.036093
v 0.120197 0.083244 0.035470
v 0.119907 0.083382 0.035475
v 0.120593 0.083273 0.035753
v 0.120264 0.083331 0.035765
v 0.119995 0.083461 0.035760
v 0.120659 0.083438 0.036012
v 0.120337 0.083487 0.036005
v 0.120095 0.083575 0.035967
v 0.119595 0.084196 0.035777
v 0.119811 0.084223 0.036033
v 0.119524 0.083867 0.035486
v 0.119662 0.083890 0.035781
v 0.119863 0.083925 0.036016
v 0.119675 0.083597 0.035481
v 0.119802 0.083640 0.035766
v 0.119954 0.083705 0.035970
v 0.171692 0.111035 0.025868
v 0.171692 0.110174 0.024929
v 0.171692 0.111019 0.025578
v 0.171692 0.110911 0.025316
v 0.171692 0.110721 0.025108
v 0.171692 0.110467 0.024975
v 0.171692 0.108923 0.036404
v 0.171692 0.109988 0.035466
v 0.171692 0.109225 0.036358
v 0.171692 0.109508 0.036225
v 0.171692 0.109744 0.036017
v 0.171692 0.109909 0.035756
v 0.171692 0.102403 0.024929
v 0.171692 0.101542 0.025868
v 0.171692 0.102110 0.024975
v 0.171692 0.101856 0.025108
v 0.171692 0.101666 0.025316
v 0.171692 0.101558 0.025578
v 0.171692 0.102589 0.035466
v 0.171692 0.103654 0.036404
v 0.171692 0.102668 0.035756
v 0.171692 0.102833 0.036017
v 0.171692 0.103069 0.036225
v 0.171692 0.103352 0.036358
v 0.180965 0.110174 0.024929
v 0.181987 0.110066 0.025873
v 0.180965 0.111035 0.025868
v 0.181281 0.110168 0.024976
v 0.181566 0.110152 0.025110
v 0.180965 0.110468 0.024974
v 0.181291 0.110468 0.025030
v 0.181552 0.110444 0.025156
v 0.180965 0.110722 0.025107
v 0.181280 0.110703 0.025156
v 0.181506 0.110648 0.025246
v 0.181937 0.110364 0.025872
v 0.181792 0.110634 0.025871
v 0.181937 0.110099 0.025582
v 0.181878 0.110408 0.025573
v 0.181741 0.110653 0.025582
v 0.181792 0.110128 0.025319
v 0.181740 0.110424 0.025331
v 0.181643 0.110634 0.025372
v 0.180965 0.111020 0.025577
v 0.180965 0.110912 0.025315
v 0.181281 0.110986 0.025869
v 0.181290 0.110964 0.025568
v 0.181279 0.110862 0.025329
v 0.181566 0.110848 0.025870
v 0.181553 0.110832 0.025580
v 0.181506 0.110764 0.025372
v 0.180965 0.108923 0.036404
v 0.180965 0.109988 0.035466
v 0.181987 0.109020 0.035460
v 0.180965 0.109226 0.036359
v 0.180965 0.109509 0.036226
v 0.181281 0.108927 0.036358
v 0.181290 0.109241 0.036304
v 0.181279 0.109500 0.036178
v 0.181566 0.108941 0.036223
v 0.181553 0.109243 0.036176
v 0.181506 0.109466 0.036088
v 0.181281 0.109940 0.035465
v 0.181566 0.109802 0.035464
v 0.180965 0.109910 0.035756
v 0.181291 0.109852 0.035763
v 0.181552 0.109723 0.035752
v 0.180965 0.109745 0.036018
v 0.181280 0.109697 0.036005
v 0.181506 0.109609 0.035961
v 0.181937 0.108990 0.035751
v 0.181792 0.108962 0.036014
v 0.181937 0.109319 0.035461
v 0.181878 0.109295 0.035762
v 0.181741 0.109260 0.036002
v 0.181792 0.109588 0.035462
v 0.181740 0.109545 0.035752
v 0.181643 0.109479 0.035961
v 0.180965 0.102403 0.024929
v 0.180965 0.101542 0.025868
v 0.181987 0.102511 0.025873
v 0.180965 0.102109 0.024974
v 0.180965 0.101855 0.025107
v 0.181281 0.102409 0.024976
v 0.181290 0.102107 0.025030
v 0.181279 0.101875 0.025155
v 0.181566 0.102425 0.025110
v 0.181553 0.102133 0.025157
v 0.181506 0.101929 0.025246
v 0.181281 0.101591 0.025869
v 0.181566 0.101729 0.025870
v 0.180965 0.101557 0.025577
v 0.181291 0.101613 0.025570
v 0.181552 0.101745 0.025581
v 0.180965 0.101665 0.025315
v 0.181280 0.101716 0.025328
v 0.181506 0.101813 0.025372
v 0.181937 0.102478 0.025582
v 0.181792 0.102449 0.025319
v 0.181937 0.102213 0.025872
v 0.181878 0.102171 0.025571
v 0.181741 0.102154 0.025331
v 0.181792 0.101943 0.025871
v 0.181740 0.101923 0.025581
v 0.181643 0.101943 0.025372
v 0.180965 0.103654 0.036404
v 0.181987 0.103557 0.035460
v 0.180965 0.102589 0.035466
v 0.181281 0.103650 0.036358
v 0.181566 0.103636 0.036223
v 0.180965 0.103351 0.036359
v 0.181291 0.103338 0.036304
v 0.181552 0.103335 0.036177
v 0.180965 0.103068 0.036226
v 0.181280 0.103076 0.036178
v 0.181506 0.103111 0.036088
v 0.181937 0.103258 0.035461
v 0.181792 0.102989 0.035462
v 0.181937 0.103587 0.035751
v 0.181878 0.103280 0.035760
v 0.181741 0.103033 0.035751
v 0.181792 0.103615 0.036014
v 0.181740 0.103316 0.036003
v 0.181643 0.103098 0.035961
v 0.180965 0.102667 0.035756
v 0.180965 0.102832 0.036018
v 0.181281 0.102637 0.035465
v 0.181290 0.102725 0.035765
v 0.181279 0.102880 0.036005
v 0.181566 0.102775 0.035464
v 0.181553 0.102854 0.035753
v 0.181506 0.102968 0.035961
v 0.117504 0.102403 0.024929
v 0.116741 0.102508 0.025842
v 0.117804 0.101542 0.025868
v 0.117196 0.102408 0.024970
v 0.116945 0.102423 0.025098
v 0.117524 0.102110 0.024978
v 0.117208 0.102108 0.025028
v 0.116979 0.102133 0.025149
v 0.117570 0.101856 0.025113
v 0.117263 0.101874 0.025156
v 0.117057 0.101928 0.025241
v 0.116798 0.102210 0.025847
v 0.116952 0.101941 0.025852
v 0.116705 0.102475 0.025557
v 0.116770 0.102167 0.025554
v 0.116918 0.101922 0.025568
v 0.116776 0.102446 0.025300
v 0.116839 0.102151 0.025317
v 0.116955 0.101942 0.025363
v 0.117717 0.101558 0.025581
v 0.117636 0.101666 0.025321
v 0.117481 0.101590 0.025863
v 0.117382 0.101613 0.025567
v 0.117319 0.101716 0.025329
v 0.117187 0.101727 0.025858
v 0.117114 0.101744 0.025572
v 0.117098 0.101813 0.025367
v 0.117504 0.110174 0.024929
v 0.117804 0.111035 0.025868
v 0.116741 0.110070 0.025842
v 0.117524 0.110467 0.024978
v 0.117570 0.110721 0.025113
v 0.117196 0.110169 0.024970
v 0.117210 0.110470 0.025028
v 0.117263 0.110702 0.025155
v 0.116945 0.110154 0.025098
v 0.116979 0.110445 0.025149
v 0.117057 0.110649 0.025241
v 0.117481 0.110987 0.025863
v 0.117187 0.110850 0.025858
v 0.117717 0.111019 0.025581
v 0.117380 0.110964 0.025568
v 0.117115 0.110833 0.025573
v 0.117636 0.110911 0.025321
v 0.117318 0.110861 0.025329
v 0.117098 0.110764 0.025367
v 0.116705 0.110102 0.025557
v 0.116776 0.110131 0.025300
v 0.116798 0.110368 0.025847
v 0.116770 0.110409 0.025552
v 0.116838 0.110425 0.025318
v 0.116952 0.110636 0.025852
v 0.116919 0.110656 0.025568
v 0.116955 0.110635 0.025363
v 0.120518 0.109988 0.035466
v 0.120749 0.108923 0.036404
v 0.119469 0.109017 0.035491
v 0.120593 0.109910 0.035753
v 0.120659 0.109746 0.036012
v 0.120197 0.109939 0.035470
v 0.120266 0.109852 0.035766
v 0.120337 0.109697 0.036004
v 0.119907 0.109801 0.035475
v 0.119995 0.109722 0.035761
v 0.120095 0.109608 0.035967
v 0.120417 0.108927 0.036363
v 0.120094 0.108939 0.036235
v 0.120742 0.109227 0.036355
v 0.120397 0.109239 0.036305
v 0.120100 0.109241 0.036185
v 0.120711 0.109510 0.036220
v 0.120379 0.109501 0.036177
v 0.120126 0.109465 0.036093
v 0.119524 0.109316 0.035486
v 0.119675 0.109586 0.035481
v 0.119595 0.108987 0.035777
v 0.119662 0.109295 0.035779
v 0.119801 0.109543 0.035765
v 0.119811 0.108960 0.036033
v 0.119864 0.109259 0.036016
v 0.119954 0.109478 0.035970
v 0.120749 0.103654 0.036404
v 0.120518 0.102589 0.035466
v 0.119469 0.103560 0.035491
v 0.120742 0.103351 0.036355
v 0.120711 0.103067 0.036220
v 0.120417 0.103651 0.036363
v 0.120399 0.103336 0.036305
v 0.120380 0.103077 0.036178
v 0.120094 0.103638 0.036235
v 0.120099 0.103335 0.036184
v 0.120126 0.103112 0.036093
v 0.120197 0.102638 0.035470
v 0.119907 0.102776 0.035475
v 0.120593 0.102667 0.035753
v 0.120264 0.102725 0.035765
v 0.119995 0.102854 0.035760
v 0.120659 0.102831 0.036012
v 0.120337 0.102880 0.036005
v 0.120095 0.102969 0.035967
v 0.119595 0.103590 0.035777
v 0.119811 0.103617 0.036033
v 0.119524 0.103261 0.035486
v 0.119662 0.103284 0.035781
v 0.119863 0.103318 0.036016
v 0.119675 0.102991 0.035481
v 0.119802 0.103033 0.035766
v 0.119954 0.103099 0.035970

o Base
f 272 255 247 266
f 284 266 247 274
f 278 251 245 276
f 263 256 244 259
f 280 254 243 275
f 281 260 241 273
f 273 241 250 277
f 257 242 252 261
f 279 255 251 278
f 270 245 251 271
f 274 247 255 279
f 277 250 254 280
f 261 252 256 263
f 271 251 255 272
f 250 262 264 254
f 267 261 263 268
f 241 260 262 250
f 265 257 261 267
f 283 270 260 281
f 268 263 259 269
f 275 243 258 282
f 254 264 258 243
f 253 268 269 248
f 276 245 270 283
f 246 265 267 249
f 249 267 268 253
f 262 271 272 264
f 260 270 271 262
f 259 282 284 269
f 246 276 283 265
f 244 275 282 259
f 265 283 281 257
f 252 277 280 256
f 248 274 279 253
f 253 279 278 249
f 242 273 277 252
f 257 281 273 242
f 256 280 275 244
f 249 278 276 246
f 269 284 274 248
f 272 266 285 286
f 286 285 287 288
f 288 287 289 290
f 290 289 291 292
f 292 291 293 294
f 294 293 295 296
f 292 294 298 297

o White_keys_Cube.009
f 4306 4322 4323 4308
f 4314 4315 4312 4308
f 4315 4316 4310 4312
f 4313 4317 4320 4316
f 4307 4305 4309 4311
f 4312 4310 4306 4308
f 4309 4305 4313 4316
f 4311 4309 4316 4315
f 4307 4311 4315 4314
f 4305 4307 4314 4313
f 4320 4317 4318 4319
f 4318 4326 4322 4306
f 4316 4320 4319 4310
f 4310 4319 4318 4306
f 4321 4324 4323 4322
f 4322 4326 4325 4321
f 4308 4323 4324 4314
f 4317 4325 4326 4318
f 4313 4321 4325 4317
f 4314 4324 4321 4313
f 4328 4344 4345 4330
f 4336 4337 4334 4330
f 4337 4338 4332 4334
f 4335 4339 4342 4338
f 4329 4327 4331 4333
f 4334 4332 4328 4330
f 4331 4327 4335 4338
f 4333 4331 4338 4337
f 4329 4333 4337 4336
f 4327 4329 4336 4335
f 4342 4339 4340 4341
f 4340 4348 4344 4328
f 4338 4342 4341 4332
f 4332 4341 4340 4328
f 4343 4346 4345 4344
f 4344 4348 4347 4343
f 4330 4345 4346 4336
f 4339 4347 4348 4340
f 4335 4343 4347 4339
f 4336 4346 4343 4335
f 4350 4366 4367 4352
f 4358 4359 4356 4352
f 4359 4360 4354 4356
f 4357 4361 4364 4360
f 4351 4349 4353 4355
f 4356 4354 4350 4352
f 4353 4349 4357 4360
f 4355 4353 4360 4359
f 4351 4355 4359 4358
f 4349 4351 4358 4357
f 4364 4361 4362 4363
f 4362 4370 4366 4350
f 4360 4364 4363 4354
f 4354 4363 4362 4350
f 4365 4368 4367 4366
f 4366 4370 4369 4365
f 4352 4367 4368 4358
f 4361 4369 4370 4362
f 4357 4365 4369 4361
f 4358 4368 4365 4357
f 4372 4388 4389 4374
f 4380 4381 4378 4374
f 4381 4382 4376 4378
f 4379 4383 4386 4382
f 4373 4371 4375 4377
f 4378 4376 4372 4374
f 4375 4371 4379 4382
f 4377 4375 4382 4381
f 4373 4377 4381 4380
f 4371 4373 4380 4379
f 4386 4383 4384 4385
f 4384 4392 4388 4372
f 4382 4386 4385 4376
f 4376 4385 4384 4372
f 4387 4390 4389 4388
f 4388 4392 4391 4387
f 4374 4389 4390 4380
f 4383 4391 4392 4384
f 4379 4387 4391 4383
f 4380 4390 4387 4379
f 4394 4410 4411 4396
f 4402 4403 4400 4396
f 4403 4404 4398 4400
f 4401 4405 4408 4404
f 4395 4393 4397 4399
f 4400 4398 4394 4396
f 4397 4393 4401 4404
f 4399 4397 4404 4403
f 4395 4399 4403 4402
f 4393 4395 4402 4401
f 4408 4405 4406 4407
f 4406 4414 4410 4394
f 4404 4408 4407 4398
f 4398 4407 4406 4394
f 4409 4412 4411 4410
f 4410 4414 4413 4409
f 4396 4411 4412 4402
f 4405 4413 4414 4406
f 4401 4409 4413 4405
f 4402 4412 4409 4401
f 4416 4432 4433 4418
f 4424 4425 4422 4418
f 4425 4426 4420 4422
f 4423 4427 4430 4426
f 4417 4415 4419 4421
f 4422 4420 4416 4418
f 4419 4415 4423 4426
f 4421 4419 4426 4425
f 4417 4421 4425 4424
f 4415 4417 4424 4423
f 4430 4427 4428 4429
f 4428 4436 4432 4416
f 4426 4430 4429 4420
f 4420 4429 4428 4416
f 4431 4434 4433 4432
f 4432 4436 4435 4431
f 4418 4433 4434 4424
f 4427 4435 4436 4428
f 4423 4431 4435 4427
f 4424 4434 4431 4423
f 4438 4454 4455 4440
f 4446 4447 4444 4440
f 4447 4448 4442 4444
f 4445 4449 4452 4448
f 4439 4437 4441 4443
f 4444 4442 4438 4440
f 4441 4437 4445 4448
f 4443 4441 4448 4447
f 4439 4443 4447 4446
f 4437 4439 4446 4445
f 4452 4449 4450 4451
f 4450 4458 4454 4438
f 4448 4452 4451 4442
f 4442 4451 4450 4438
f 4453 4456 4455 4454
f 4454 4458 4457 4453
f 4440 4455 4456 4446
f 4449 4457 4458 4450
f 4445 4453 4457 4449
f 4446 4456 4453 4445
f 4460 4476 4477 4462
f 4468 4469 4466 4462
f 4469 4470 4464 4466
f 4467 4471 4474 4470
f 4461 4459 4463 4465
f 4466 4464 4460 4462
f 4463 4459 4467 4470
f 4465 4463 4470 4469
f 4461 4465 4469 4468
f 4459 4461 4468 4467
f 4474 4471 4472 4473
f 4472 4480 4476 4460
f 4470 4474 4473 4464
f 4464 4473 4472 4460
f 4475 4478 4477 4476
f 4476 4480 4479 4475
f 4462 4477 4478 4468
f 4471 4479 4480 4472
f 4467 4475 4479 4471
f 4468 4478 4475 4467
f 4482 4498 4499 4484
f 4490 4491 4488 4484
f 4491 4492 4486 4488
f 4489 4493 4496 4492
f 4483 4481 4485 4487
f 4488 4486 4482 4484
f 4485 4481 4489 4492
f 4487 4485 4492 4491
f 4483 4487 4491 4490
f 4481 4483 4490 4489
f 4496 4493 4494 4495
f 4494 4502 4498 4482
f 4492 4496 4495 4486
f 4486 4495 4494 4482
f 4497 4500 4499 4498
f 4498 4502 4501 4497
f 4484 4499 4500 4490
f 4493 4501 4502 4494
f 4489 4497 4501 4493
f 4490 4500 4497 4489
f 4504 4520 4521 4506
f 4512 4513 4510 4506
f 4513 4514 4508 4510
f 4511 4515 4518 4514
f 4505 4503 4507 4509
f 4510 4508 4504 4506
f 4507 4503 4511 4514
f 4509 4507 4514 4513
f 4505 4509 4513 4512
f 4503 4505 4512 4511
f 4518 4515 4516 4517
f 4516 4524 4520 4504
f 4514 4518 4517 4508
f 4508 4517 4516 4504
f 4519 4522 4521 4520
f 4520 4524 4523 4519
f 4506 4521 4522 4512
f 4515 4523 4524 4516
f 4511 4519 4523 4515
f 4512 4522 4519 4511
f 4526 4542 4543 4528
f 4534 4535 4532 4528
f 4535 4536 4530 4532
f 4533 4537 4540 4536
f 4527 4525 4529 4531
f 4532 4530 4526 4528
f 4529 4525 4533 4536
f 4531 4529 4536 4535
f 4527 4531 4535 4534
f 4525 4527 4534 4533
f 4540 4537 4538 4539
f 4538 4546 4542 4526
f 4536 4540 4539 4530
f 4530 4539 4538 4526
f 4541 4544 4543 4542
f 4542 4546 4545 4541
f 4528 4543 4544 4534
f 4537 4545 4546 4538
f 4533 4541 4545 4537
f 4534 4544 4541 4533
f 4548 4564 4565 4550
f 4556 4557 4554 4550
f 4557 4558 4552 4554
f 4555 4559 4562 4558
f 4549 4547 4551 4553
f 4554 4552 4548 4550
f 4551 4547 4555 4558
f 4553 4551 4558 4557
f 4549 4553 4557 4556
f 4547 4549 4556 4555
f 4562 4559 4560 4561
f 4560 4568 4564 4548
f 4558 4562 4561 4552
f 4552 4561 4560 4548
f 4563 4566 4565 4564
f 4564 4568 4567 4563
f 4550 4565 4566 4556
f 4559 4567 4568 4560
f 4555 4563 4567 4559
f 4556 4566 4563 4555
f 4570 4586 4587 4572
f 4578 4579 4576 4572
f 4579 4580 4574 4576
f 4577 4581 4584 4580
f 4571 4569 4573 4575
f 4576 4574 4570 4572
f 4573 4569 4577 4580
f 4575 4573 4580 4579
f 4571 4575 4579 4578
f 4569 4571 4578 4577
f 4584 4581 4582 4583
f 4582 4590 4586 4570
f 4580 4584 4583 4574
f 4574 4583 4582 4570
f 4585 4588 4587 4586
f 4586 4590 4589 4585
f 4572 4587 4588 4578
f 4581 4589 4590 4582
f 4577 4585 4589 4581
f 4578 4588 4585 4577
f 4592 4608 4609 4594
f 4600 4601 4598 4594
f 4601 4602 4596 4598
f 4599 4603 4606 4602
f 4593 4591 4595 4597
f 4598 4596 4592 4594
f 4595 4591 4599 4602
f 4597 4595 4602 4601
f 4593 4597 4601 4600
f 4591 4593 4600 4599
f 4606 4603 4604 4605
f 4604 4612 4608 4592
f 4602 4606 4605 4596
f 4596 4605 4604 4592
f 4607 4610 4609 4608
f 4608 4612 4611 4607
f 4594 4609 4610 4600
f 4603 4611 4612 4604
f 4599 4607 4611 4603
f 4600 4610 4607 4599
f 4614 4630 4631 4616
f 4622 4623 4620 4616
f 4623 4624 4618 4620
f 4621 4625 4628 4624
f 4615 4613 4617 4619
f 4620 4618 4614 4616
f 4617 4613 4621 4624
f 4619 4617 4624 4623
f 4615 4619 4623 4622
f 4613 4615 4622 4621
f 4628 4625 4626 4627
f 4626 4634 4630 4614
f 4624 4628 4627 4618
f 4618 4627 4626 4614
f 4629 4632 4631 4630
f 4630 4634 4633 4629
f 4616 4631 4632 4622
f 4625 4633 4634 4626
f 4621 4629 4633 4625
f 4622 4632 4629 4621

o Black_keys_Cube
f 1593 1588 1709 1789
f 1655 1681 1628 1600
f 1736 1763 1790 1708
f 1680 1594 1581 1626
f 1575 1582 1761 1735
f 1581 1594 1788 1762
f 1827 1816 1974 1947
f 1587 1653 1599 1576
f 1588 1593 1682 1654
f 1601 1627 1582 1575
f 1833 1828 1949 2029
f 1895 1921 1868 1840
f 1976 2003 2030 1948
f 1920 1834 1821 1866
f 1815 1822 2001 1975
f 1821 1834 2028 2002
f 2067 2056 2214 2187
f 1827 1893 1839 1816
f 1828 1833 1922 1894
f 1841 1867 1822 1815
f 2073 2068 2189 2269
f 2135 2161 2108 2080
f 2216 2243 2270 2188
f 2160 2074 2061 2106
f 2055 2062 2241 2215
f 2061 2074 2268 2242
f 2307 2296 2454 2427
f 2067 2133 2079 2056
f 2068 2073 2162 2134
f 2081 2107 2062 2055
f 2313 2308 2429 2509
f 2375 2401 2348 2320
f 2456 2483 2510 2428
f 2400 2314 2301 2346
f 2295 2302 2481 2455
f 2301 2314 2508 2482
f 2547 2536 2694 2667
f 2307 2373 2319 2296
f 2308 2313 2402 2374
f 2321 2347 2302 2295
f 2553 2548 2669 2749
f 2615 2641 2588 2560
f 2696 2723 2750 2668
f 2640 2554 2541 2586
f 2535 2542 2721 2695
f 2541 2554 2748 2722
f 2787 2776 2934 2907
f 2547 2613 2559 2536
f 2548 2553 2642 2614
f 2561 2587 2542 2535
f 2793 2788 2909 2989
f 2855 2881 2828 2800
f 2936 2963 2990 2908
f 2880 2794 2781 2826
f 2775 2782 2961 2935
f 2781 2794 2988 2962
f 3027 3016 3174 3147
f 2787 2853 2799 2776
f 2788 2793 2882 2854
f 2801 2827 2782 2775
f 3033 3028 3149 3229
f 3095 3121 3068 3040
f 3176 3203 3230 3148
f 3120 3034 3021 3066
f 3015 3022 3201 3175
f 3021 3034 3228 3202
f 3267 3256 3414 3387
f 3027 3093 3039 3016
f 3028 3033 3122 3094
f 3041 3067 3022 3015
f 3273 3268 3389 3469
f 3335 3361 3308 3280
f 3416 3443 3470 3388
f 3360 3274 3261 3306
f 3255 3262 3441 3415
f 3261 3274 3468 3442
f 3507 3496 3654 3627
f 3267 3333 3279 3256
f 3268 3273 3362 3334
f 3281 3307 3262 3255
f 3513 3508 3629 3709
f 3575 3601 3548 3520
f 3656 3683 3710 3628
f 3600 3514 3501 3546
f 3495 3502 3681 3655
f 3501 3514 3708 3682
f 3747 3736 3894 3867
f 3507 3573 3519 3496
f 3508 3513 3602 3574
f 3521 3547 3502 3495
f 3753 3748 3869 3949
f 3815 3841 3788 3760
f 3896 3923 3950 3868
f 3840 3754 3741 3786
f 3735 3742 3921 3895
f 3741 3754 3948 3922
f 3747 3813 3759 3736
f 3748 3753 3842 3814
f 3761 3787 3742 3735
f 1599 1602 1605 1604
f 1602 1603 1606 1605
f 1603 1615 1616 1606
f 1604 1605 1608 1607
f 1605 1606 1609 1608
f 1606 1616 1617 1609
f 1600 1610 1613 1612
f 1610 1611 1614 1613
f 1611 1623 1624 1614
f 1612 1613 1616 1615
f 1613 1614 1617 1616
f 1614 1624 1625 1617
f 1601 1618 1621 1620
f 1618 1619 1622 1621
f 1619 1607 1608 1622
f 1620 1621 1624 1623
f 1621 1622 1625 1624
f 1622 1608 1609 1625
f 1609 1617 1625
f 1626 1629 1632 1631
f 1629 1630 1633 1632
f 1630 1642 1643 1633
f 1631 1632 1635 1634
f 1632 1633 1636 1635
f 1633 1643 1644 1636
f 1627 1637 1640 1639
f 1637 1638 1641 1640
f 1638 1650 1651 1641
f 1639 1640 1643 1642
f 1640 1641 1644 1643
f 1641 1651 1652 1644
f 1628 1645 1648 1647
f 1645 1646 1649 1648
f 1646 1634 1635 1649
f 1647 1648 1651 1650
f 1648 1649 1652 1651
f 1649 1635 1636 1652
f 1636 1644 1652
f 1653 1656 1659 1658
f 1656 1657 1660 1659
f 1657 1669 1670 1660
f 1658 1659 1662 1661
f 1659 1660 1663 1662
f 1660 1670 1671 1663
f 1654 1664 1667 1666
f 1664 1665 1668 1667
f 1665 1677 1678 1668
f 1666 1667 1670 1669
f 1667 1668 1671 1670
f 1668 1678 1679 1671
f 1655 1672 1675 1674
f 1672 1673 1676 1675
f 1673 1661 1662 1676
f 1674 1675 1678 1677
f 1675 1676 1679 1678
f 1676 1662 1663 1679
f 1663 1671 1679
f 1680 1683 1686 1685
f 1683 1684 1687 1686
f 1684 1696 1697 1687
f 1685 1686 1689 1688
f 1686 1687 1690 1689
f 1687 1697 1698 1690
f 1681 1691 1694 1693
f 1691 1692 1695 1694
f 1692 1704 1705 1695
f 1693 1694 1697 1696
f 1694 1695 1698 1697
f 1695 1705 1706 1698
f 1682 1699 1702 1701
f 1699 1700 1703 1702
f 1700 1688 1689 1703
f 1701 1702 1705 1704
f 1702 1703 1706 1705
f 1703 1689 1690 1706
f 1690 1698 1706
f 1707 1710 1713 1712
f 1710 1711 1714 1713
f 1711 1723 1724 1714
f 1712 1713 1716 1715
f 1713 1714 1717 1716
f 1714 1724 1725 1717
f 1708 1718 1721 1720
f 1718 1719 1722 1721
f 1719 1731 1732 1722
f 1720 1721 1724 1723
f 1721 1722 1725 1724
f 1722 1732 1733 1725
f 1709 1726 1729 1728
f 1726 1727 1730 1729
f 1727 1715 1716 1730
f 1728 1729 1732 1731
f 1729 1730 1733 1732
f 1730 1716 1717 1733
f 1717 1725 1733
f 1734 1737 1740 1739
f 1737 1738 1741 1740
f 1738 1750 1751 1741
f 1739 1740 1743 1742
f 1740 1741 1744 1743
f 1741 1751 1752 1744
f 1735 1745 1748 1747
f 1745 1746 1749 1748
f 1746 1758 1759 1749
f 1747 1748 1751 1750
f 1748 1749 1752 1751
f 1749 1759 1760 1752
f 1736 1753 1756 1755
f 1753 1754 1757 1756
f 1754 1742 1743 1757
f 1755 1756 1759 1758
f 1756 1757 1760 1759
f 1757 1743 1744 1760
f 1744 1752 1760
f 1761 1764 1767 1766
f 1764 1765 1768 1767
f 1765 1777 1778 1768
f 1766 1767 1770 1769
f 1767 1768 1771 1770
f 1768 1778 1779 1771
f 1762 1772 1775 1774
f 1772 1773 1776 1775
f 1773 1785 1786 1776
f 1774 1775 1778 1777
f 1775 1776 1779 1778
f 1776 1786 1787 1779
f 1763 1780 1783 1782
f 1780 1781 1784 1783
f 1781 1769 1770 1784
f 1782 1783 1786 1785
f 1783 1784 1787 1786
f 1784 1770 1771 1787
f 1771 1779 1787
f 1788 1791 1794 1793
f 1791 1792 1795 1794
f 1792 1804 1805 1795
f 1793 1794 1797 1796
f 1794 1795 1798 1797
f 1795 1805 1806 1798
f 1789 1799 1802 1801
f 1799 1800 1803 1802
f 1800 1812 1813 1803
f 1801 1802 1805 1804
f 1802 1803 1806 1805
f 1803 1813 1814 1806
f 1790 1807 1810 1809
f 1807 1808 1811 1810
f 1808 1796 1797 1811
f 1809 1810 1813 1812
f 1810 1811 1814 1813
f 1811 1797 1798 1814
f 1798 1806 1814
f 1839 1842 1845 1844
f 1842 1843 1846 1845
f 1843 1855 1856 1846
f 1844 1845 1848 1847
f 1845 1846 1849 1848
f 1846 1856 1857 1849
f 1840 1850 1853 1852
f 1850 1851 1854 1853
f 1851 1863 1864 1854
f 1852 1853 1856 1855
f 1853 1854 1857 1856
f 1854 1864 1865 1857
f 1841 1858 1861 1860
f 1858 1859 1862 1861
f 1859 1847 1848 1862
f 1860 1861 1864 1863
f 1861 1862 1865 1864
f 1862 1848 1849 1865
f 1849 1857 1865
f 1866 1869 1872 1871
f 1869 1870 1873 1872
f 1870 1882 1883 1873
f 1871 1872 1875 1874
f 1872 1873 1876 1875
f 1873 1883 1884 1876
f 1867 1877 1880 1879
f 1877 1878 1881 1880
f 1878 1890 1891 1881
f 1879 1880 1883 1882
f 1880 1881 1884 1883
f 1881 1891 1892 1884
f 1868 1885 1888 1887
f 1885 1886 1889 1888
f 1886 1874 1875 1889
f 1887 1888 1891 1890
f 1888 1889 1892 1891
f 1889 1875 1876 1892
f 1876 1884 1892
f 1893 1896 1899 1898
f 1896 1897 1900 1899
f 1897 1909 1910 1900
f 1898 1899 1902 1901
f 1899 1900 1903 1902
f 1900 1910 1911 1903
f 1894 1904 1907 1906
f 1904 1905 1908 1907
f 1905 1917 1918 1908
f 1906 1907 1910 1909
f 1907 1908 1911 1910
f 1908 1918 1919 1911
f 1895 1912 1915 1914
f 1912 1913 1916 1915
f 1913 1901 1902 1916
f 1914 1915 1918 1917
f 1915 1916 1919 1918
f 1916 1902 1903 1919
f 1903 1911 1919
f 1920 1923 1926 1925
f 1923 1924 1927 1926
f 1924 1936 1937 1927
f 1925 1926 1929 1928
f 1926 1927 1930 1929
f 1927 1937 1938 1930
f 1921 1931 1934 1933
f 1931 1932 1935 1934
f 1932 1944 1945 1935
f 1933 1934 1937 1936
f 1934 1935 1938 1937
f 1935 1945 1946 1938
f 1922 1939 1942 1941
f 1939 1940 1943 1942
f 1940 1928 1929 1943
f 1941 1942 1945 1944
f 1942 1943 1946 1945
f 1943 1929 1930 1946
f 1930 1938 1946
f 1947 1950 1953 1952
f 1950 1951 1954 1953
f 1951 1963 1964 1954
f 1952 1953 1956 1955
f 1953 1954 1957 1956
f 1954 1964 1965 1957
f 1948 1958 1961 1960
f 1958 1959 1962 1961
f 1959 1971 1972 1962
f 1960 1961 1964 1963
f 1961 1962 1965 1964
f 1962 1972 1973 1965
f 1949 1966 1969 1968
f 1966 1967 1970 1969
f 1967 1955 1956 1970
f 1968 1969 1972 1971
f 1969 1970 1973 1972
f 1970 1956 1957 1973
f 1957 1965 1973
f 1974 1977 1980 1979
f 1977 1978 1981 1980
f 1978 1990 1991 1981
f 1979 1980 1983 1982
f 1980 1981 1984 1983
f 1981 1991 1992 1984
f 1975 1985 1988 1987
f 1985 1986 1989 1988
f 1986 1998 1999 1989
f 1987 1988 1991 1990
f 1988 1989 1992 1991
f 1989 1999 2000 1992
f 1976 1993 1996 1995
f 1993 1994 1997 1996
f 1994 1982 1983 1997
f 1995 1996 1999 1998
f 1996 1997 2000 1999
f 1997 1983 1984 2000
f 1984 1992 2000
f 2001 2004 2007 2006
f 2004 2005 2008 2007
f 2005 2017 2018 2008
f 2006 2007 2010 2009
f 2007 2008 2011 2010
f 2008 2018 2019 2011
f 2002 2012 2015 2014
f 2012 2013 2016 2015
f 2013 2025 2026 2016
f 2014 2015 2018 2017
f 2015 2016 2019 2018
f 2016 2026 2027 2019
f 2003 2020 2023 2022
f 2020 2021 2024 2023
f 2021 2009 2010 2024
f 2022 2023 2026 2025
f 2023 2024 2027 2026
f 2024 2010 2011 2027
f 2011 2019 2027
f 2028 2031 2034 2033
f 2031 2032 2035 2034
f 2032 2044 2045 2035
f 2033 2034 2037 2036
f 2034 2035 2038 2037
f 2035 2045 2046 2038
f 2029 2039 2042 2041
f 2039 2040 2043 2042
f 2040 2052 2053 2043
f 2041 2042 2045 2044
f 2042 2043 2046 2045
f 2043 2053 2054 2046
f 2030 2047 2050 2049
f 2047 2048 2051 2050
f 2048 2036 2037 2051
f 2049 2050 2053 2052
f 2050 2051 2054 2053
f 2051 2037 2038 2054
f 2038 2046 2054
f 2079 2082 2085 2084
f 2082 2083 2086 2085
f 2083 2095 2096 2086
f 2084 2085 2088 2087
f 2085 2086 2089 2088
f 2086 2096 2097 2089
f 2080 2090 2093 2092
f 2090 2091 2094 2093
f 2091 2103 2104 2094
f 2092 2093 2096 2095
f 2093 2094 2097 2096
f 2094 2104 2105 2097
f 2081 2098 2101 2100
f 2098 2099 2102 2101
f 2099 2087 2088 2102
f 2100 2101 2104 2103
f 2101 2102 2105 2104
f 2102 2088 2089 2105
f 2089 2097 2105
f 2106 2109 2112 2111
f 2109 2110 2113 2112
f 2110 2122 2123 2113
f 2111 2112 2115 2114
f 2112 2113 2116 2115
f 2113 2123 2124 2116
f 2107 2117 2120 2119
f 2117 2118 2121 2120
f 2118 2130 2131 2121
f 2119 2120 2123 2122
f 2120 2121 2124 2123
f 2121 2131 2132 2124
f 2108 2125 2128 2127
f 2125 2126 2129 2128
f 2126 2114 2115 2129
f 2127 2128 2131 2130
f 2128 2129 2132 2131
f 2129 2115 2116 2132
f 2116 2124 2132
f 2133 2136 2139 2138
f 2136 2137 2140 2139
f 2137 2149 2150 2140
f 2138 2139 2142 2141
f 2139 2140 2143 2142
f 2140 2150 2151 2143
f 2134 2144 2147 2146
f 2144 2145 2148 2147
f 2145 2157 2158 2148
f 2146 2147 2150 2149
f 2147 2148 2151 2150
f 2148 2158 2159 2151
f 2135 2152 2155 2154
f 2152 2153 2156 2155
f 2153 2141 2142 2156
f 2154 2155 2158 2157
f 2155 2156 2159 2158
f 2156 2142 2143 2159
f 2143 2151 2159
f 2160 2163 2166 2165
f 2163 2164 2167 2166
f 2164 2176 2177 2167
f 2165 2166 2169 2168
f 2166 2167 2170 2169
f 2167 2177 2178 2170
f 2161 2171 2174 2173
f 2171 2172 2175 2174
f 2172 2184 2185 2175
f 2173 2174 2177 2176
f 2174 2175 2178 2177
f 2175 2185 2186 2178
f 2162 2179 2182 2181
f 2179 2180 2183 2182
f 2180 2168 2169 2183
f 2181 2182 2185 2184
f 2182 2183 2186 2185
f 2183 2169 2170 2186
f 2170 2178 2186
f 2187 2190 2193 2192
f 2190 2191 2194 2193
f 2191 2203 2204 2194
f 2192 2193 2196 2195
f 2193 2194 2197 2196
f 2194 2204 2205 2197
f 2188 2198 2201 2200
f 2198 2199 2202 2201
f 2199 2211 2212 2202
f 2200 2201 2204 2203
f 2201 2202 2205 2204
f 2202 2212 2213 2205
f 2189 2206 2209 2208
f 2206 2207 2210 2209
f 2207 2195 2196 2210
f 2208 2209 2212 2211
f 2209 2210 2213 2212
f 2210 2196 2197 2213
f 2197 2205 2213
f 2214 2217 2220 2219
f 2217 2218 2221 2220
f 2218 2230 2231 2221
f 2219 2220 2223 2222
f 2220 2221 2224 2223
f 2221 2231 2232 2224
f 2215 2225 2228 2227
f 2225 2226 2229 2228
f 2226 2238 2239 2229
f 2227 2228 2231 2230
f 2228 2229 2232 2231
f 2229 2239 2240 2232
f 2216 2233 2236 2235
f 2233 2234 2237 2236
f 2234 2222 2223 2237
f 2235 2236 2239 2238
f 2236 2237 2240 2239
f 2237 2223 2224 2240
f 2224 2232 2240
f 2241 2244 2247 2246
f 2244 2245 2248 2247
f 2245 2257 2258 2248
f 2246 2247 2250 2249
f 2247 2248 2251 2250
f 2248 2258 2259 2251
f 2242 2252 2255 2254
f 2252 2253 2256 2255
f 2253 2265 2266 2256
f 2254 2255 2258 2257
f 2255 2256 2259 2258
f 2256 2266 2267 2259
f 2243 2260 2263 2262
f 2260 2261 2264 2263
f 2261 2249 2250 2264
f 2262 2263 2266 2265
f 2263 2264 2267 2266
f 2264 2250 2251 2267
f 2251 2259 2267
f 2268 2271 2274 2273
f 2271 2272 2275 2274
f 2272 2284 2285 2275
f 2273 2274 2277 2276
f 2274 2275 2278 2277
f 2275 2285 2286 2278
f 2269 2279 2282 2281
f 2279 2280 2283 2282
f 2280 2292 2293 2283
f 2281 2282 2285 2284
f 2282 2283 2286 2285
f 2283 2293 2294 2286
f 2270 2287 2290 2289
f 2287 2288 2291 2290
f 2288 2276 2277 2291
f 2289 2290 2293 2292
f 2290 2291 2294 2293
f 2291 2277 2278 2294
f 2278 2286 2294
f 2319 2322 2325 2324
f 2322 2323 2326 2325
f 2323 2335 2336 2326
f 2324 2325 2328 2327
f 2325 2326 2329 2328
f 2326 2336 2337 2329
f 2320 2330 2333 2332
f 2330 2331 2334 2333
f 2331 2343 2344 2334
f 2332 2333 2336 2335
f 2333 2334 2337 2336
f 2334 2344 2345 2337
f 2321 2338 2341 2340
f 2338 2339 2342 2341
f 2339 2327 2328 2342
f 2340 2341 2344 2343
f 2341 2342 2345 2344
f 2342 2328 2329 2345
f 2329 2337 2345
f 2346 2349 2352 2351
f 2349 2350 2353 2352
f 2350 2362 2363 2353
f 2351 2352 2355 2354
f 2352 2353 2356 2355
f 2353 2363 2364 2356
f 2347 2357 2360 2359
f 2357 2358 2361 2360
f 2358 2370 2371 2361
f 2359 2360 2363 2362
f 2360 2361 2364 2363
f 2361 2371 2372 2364
f 2348 2365 2368 2367
f 2365 2366 2369 2368
f 2366 2354 2355 2369
f 2367 2368 2371 2370
f 2368 2369 2372 2371
f 2369 2355 2356 2372
f 2356 2364 2372
f 2373 2376 2379 2378
f 2376 2377 2380 2379
f 2377 2389 2390 2380
f 2378 2379 2382 2381
f 2379 2380 2383 2382
f 2380 2390 2391 2383
f 2374 2384 2387 2386
f 2384 2385 2388 2387
f 2385 2397 2398 2388
f 2386 2387 2390 2389
f 2387 2388 2391 2390
f 2388 2398 2399 2391
f 2375 2392 2395 2394
f 2392 2393 2396 2395
f 2393 2381 2382 2396
f 2394 2395 2398 2397
f 2395 2396 2399 2398
f 2396 2382 2383 2399
f 2383 2391 2399
f 2400 2403 2406 2405
f 2403 2404 2407 2406
f 2404 2416 2417 2407
f 2405 2406 2409 2408
f 2406 2407 2410 2409
f 2407 2417 2418 2410
f 2401 2411 2414 2413
f 2411 2412 2415 2414
f 2412 2424 2425 2415
f 2413 2414 2417 2416
f 2414 2415 2418 2417
f 2415 2425 2426 2418
f 2402 2419 2422 2421
f 2419 2420 2423 2422
f 2420 2408 2409 2423
f 2421 2422 2425 2424
f 2422 2423 2426 2425
f 2423 2409 2410 2426
f 2410 2418 2426
f 2427 2430 2433 2432
f 2430 2431 2434 2433
f 2431 2443 2444 2434
f 2432 2433 2436 2435
f 2433 2434 2437 2436
f 2434 2444 2445 2437
f 2428 2438 2441 2440
f 2438 2439 2442 2441
f 2439 2451 2452 2442
f 2440 2441 2444 2443
f 2441 2442 2445 2444
f 2442 2452 2453 2445
f 2429 2446 2449 2448
f 2446 2447 2450 2449
f 2447 2435 2436 2450
f 2448 2449 2452 2451
f 2449 2450 2453 2452
f 2450 2436 2437 2453
f 2437 2445 2453
f 2454 2457 2460 2459
f 2457 2458 2461 2460
f 2458 2470 2471 2461
f 2459 2460 2463 2462
f 2460 2461 2464 2463
f 2461 2471 2472 2464
f 2455 2465 2468 2467
f 2465 2466 2469 2468
f 2466 2478 2479 2469
f 2467 2468 2471 2470
f 2468 2469 2472 2471
f 2469 2479 2480 2472
f 2456 2473 2476 2475
f 2473 2474 2477 2476
f 2474 2462 2463 2477
f 2475 2476 2479 2478
f 2476 2477 2480 2479
f 2477 2463 2464 2480
f 2464 2472 2480
f 2481 2484 2487 2486
f 2484 2485 2488 2487
f 2485 2497 2498 2488
f 2486 2487 2490 2489
f 2487 2488 2491 2490
f 2488 2498 2499 2491
f 2482 2492 2495 2494
f 2492 2493 2496 2495
f 2493 2505 2506 2496
f 2494 2495 2498 2497
f 2495 2496 2499 2498
f 2496 2506 2507 2499
f 2483 2500 2503 2502
f 2500 2501 2504 2503
f 2501 2489 2490 2504
f 2502 2503 2506 2505
f 2503 2504 2507 2506
f 2504 2490 2491 2507
f 2491 2499 2507
f 2508 2511 2514 2513
f 2511 2512 2515 2514
f 2512 2524 2525 2515
f 2513 2514 2517 2516
f 2514 2515 2518 2517
f 2515 2525 2526 2518
f 2509 2519 2522 2521
f 2519 2520 2523 2522
f 2520 2532 2533 2523
f 2521 2522 2525 2524
f 2522 2523 2526 2525
f 2523 2533 2534 2526
f 2510 2527 2530 2529
f 2527 2528 2531 2530
f 2528 2516 2517 2531
f 2529 2530 2533 2532
f 2530 2531 2534 2533
f 2531 2517 2518 2534
f 2518 2526 2534
f 2559 2562 2565 2564
f 2562 2563 2566 2565
f 2563 2575 2576 2566
f 2564 2565 2568 2567
f 2565 2566 2569 2568
f 2566 2576 2577 2569
f 2560 2570 2573 2572
f 2570 2571 2574 2573
f 2571 2583 2584 2574
f 2572 2573 2576 2575
f 2573 2574 2577 2576
f 2574 2584 2585 2577
f 2561 2578 2581 2580
f 2578 2579 2582 2581
f 2579 2567 2568 2582
f 2580 2581 2584 2583
f 2581 2582 2585 2584
f 2582 2568 2569 2585
f 2569 2577 2585
f 2586 2589 2592 2591
f 2589 2590 2593 2592
f 2590 2602 2603 2593
f 2591 2592 2595 2594
f 2592 2593 2596 2595
f 2593 2603 2604 2596
f 2587 2597 2600 2599
f 2597 2598 2601 2600
f 2598 2610 2611 2601
f 2599 2600 2603 2602
f 2600 2601 2604 2603
f 2601 2611 2612 2604
f 2588 2605 2608 2607
f 2605 2606 2609 2608
f 2606 2594 2595 2609
f 2607 2608 2611 2610
f 2608 2609 2612 2611
f 2609 2595 2596 2612
f 2596 2604 2612
f 2613 2616 2619 2618
f 2616 2617 2620 2619
f 2617 2629 2630 2620
f 2618 2619 2622 2621
f 2619 2620 2623 2622
f 2620 2630 2631 2623
f 2614 2624 2627 2626
f 2624 2625 2628 2627
f 2625 2637 2638 2628
f 2626 2627 2630 2629
f 2627 2628 2631 2630
f 2628 2638 2639 2631
f 2615 2632 2635 2634
f 2632 2633 2636 2635
f 2633 2621 2622 2636
f 2634 2635 2638 2637
f 2635 2636 2639 2638
f 2636 2622 2623 2639
f 2623 2631 2639
f 2640 2643 2646 2645
f 2643 2644 2647 2646
f 2644 2656 2657 2647
f 2645 2646 2649 2648
f 2646 2647 2650 2649
f 2647 2657 2658 2650
f 2641 2651 2654 2653
f 2651 2652 2655 2654
f 2652 2664 2665 2655
f 2653 2654 2657 2656
f 2654 2655 2658 2657
f 2655 2665 2666 2658
f 2642 2659 2662 2661
f 2659 2660 2663 2662
f 2660 2648 2649 2663
f 2661 2662 2665 2664
f 2662 2663 2666 2665
f 2663 2649 2650 2666
f 2650 2658 2666
f 2667 2670 2673 2672
f 2670 2671 2674 2673
f 2671 2683 2684 2674
f 2672 2673 2676 2675
f 2673 2674 2677 2676
f 2674 2684 2685 2677
f 2668 2678 2681 2680
f 2678 2679 2682 2681
f 2679 2691 2692 2682
f 2680 2681 2684 2683
f 2681 2682 2685 2684
f 2682 2692 2693 2685
f 2669 2686 2689 2688
f 2686 2687 2690 2689
f 2687 2675 2676 2690
f 2688 2689 2692 2691
f 2689 2690 2693 2692
f 2690 2676 2677 2693
f 2677 2685 2693
f 2694 2697 2700 2699
f 2697 2698 2701 2700
f 2698 2710 2711 2701
f 2699 2700 2703 2702
f 2700 2701 2704 2703
f 2701 2711 2712 2704
f 2695 2705 2708 2707
f 2705 2706 2709 2708
f 2706 2718 2719 2709
f 2707 2708 2711 2710
f 2708 2709 2712 2711
f 2709 2719 2720 2712
f 2696 2713 2716 2715
f 2713 2714 2717 2716
f 2714 2702 2703 2717
f 2715 2716 2719 2718
f 2716 2717 2720 2719
f 2717 2703 2704 2720
f 2704 2712 2720
f 2721 2724 2727 2726
f 2724 2725 2728 2727
f 2725 2737 2738 2728
f 2726 2727 2730 2729
f 2727 2728 2731 2730
f 2728 2738 2739 2731
f 2722 2732 2735 2734
f 2732 2733 2736 2735
f 2733 2745 2746 2736
f 2734 2735 2738 2737
f 2735 2736 2739 2738
f 2736 2746 2747 2739
f 2723 2740 2743 2742
f 2740 2741 2744 2743
f 2741 2729 2730 2744
f 2742 2743 2746 2745
f 2743 2744 2747 2746
f 2744 2730 2731 2747
f 2731 2739 2747
f 2748 2751 2754 2753
f 2751 2752 2755 2754
f 2752 2764 2765 2755
f 2753 2754 2757 2756
f 2754 2755 2758 2757
f 2755 2765 2766 2758
f 2749 2759 2762 2761
f 2759 2760 2763 2762
f 2760 2772 2773 2763
f 2761 2762 2765 2764
f 2762 2763 2766 2765
f 2763 2773 2774 2766
f 2750 2767 2770 2769
f 2767 2768 2771 2770
f 2768 2756 2757 2771
f 2769 2770 2773 2772
f 2770 2771 2774 2773
f 2771 2757 2758 2774
f 2758 2766 2774
f 2799 2802 2805 2804
f 2802 2803 2806 2805
f 2803 2815 2816 2806
f 2804 2805 2808 2807
f 2805 2806 2809 2808
f 2806 2816 2817 2809
f 2800 2810 2813 2812
f 2810 2811 2814 2813
f 2811 2823 2824 2814
f 2812 2813 2816 2815
f 2813 2814 2817 2816
f 2814 2824 2825 2817
f 2801 2818 2821 2820
f 2818 2819 2822 2821
f 2819 2807 2808 2822
f 2820 2821 2824 2823
f 2821 2822 2825 2824
f 2822 2808 2809 2825
f 2809 2817 2825
f 2826 2829 2832 2831
f 2829 2830 2833 2832
f 2830 2842 2843 2833
f 2831 2832 2835 2834
f 2832 2833 2836 2835
f 2833 2843 2844 2836
f 2827 2837 2840 2839
f 2837 2838 2841 2840
f 2838 2850 2851 2841
f 2839 2840 2843 2842
f 2840 2841 2844 2843
f 2841 2851 2852 2844
f 2828 2845 2848 2847
f 2845 2846 2849 2848
f 2846 2834 2835 2849
f 2847 2848 2851 2850
f 2848 2849 2852 2851
f 2849 2835 2836 2852
f 2836 2844 2852
f 2853 2856 2859 2858
f 2856 2857 2860 2859
f 2857 2869 2870 2860
f 2858 2859 2862 2861
f 2859 2860 2863 2862
f 2860 2870 2871 2863
f 2854 2864 2867 2866
f 2864 2865 2868 2867
f 2865 2877 2878 2868
f 2866 2867 2870 2869
f 2867 2868 2871 2870
f 2868 2878 2879 2871
f 2855 2872 2875 2874
f 2872 2873 2876 2875
f 2873 2861 2862 2876
f 2874 2875 2878 2877
f 2875 2876 2879 2878
f 2876 2862 2863 2879
f 2863 2871 2879
f 2880 2883 2886 2885
f 2883 2884 2887 2886
f 2884 2896 2897 2887
f 2885 2886 2889 2888
f 2886 2887 2890 2889
f 2887 2897 2898 2890
f 2881 2891 2894 2893
f 2891 2892 2895 2894
f 2892 2904 2905 2895
f 2893 2894 2897 2896
f 2894 2895 2898 2897
f 2895 2905 2906 2898
f 2882 2899 2902 2901
f 2899 2900 2903 2902
f 2900 2888 2889 2903
f 2901 2902 2905 2904
f 2902 2903 2906 2905
f 2903 2889 2890 2906
f 2890 2898 2906
f 2907 2910 2913 2912
f 2910 2911 2914 2913
f 2911 2923 2924 2914
f 2912 2913 2916 2915
f 2913 2914 2917 2916
f 2914 2924 2925 2917
f 2908 2918 2921 2920
f 2918 2919 2922 2921
f 2919 2931 2932 2922
f 2920 2921 2924 2923
f 2921 2922 2925 2924
f 2922 2932 2933 2925
f 2909 2926 2929 2928
f 2926 2927 2930 2929
f 2927 2915 2916 2930
f 2928 2929 2932 2931
f 2929 2930 2933 2932
f 2930 2916 2917 2933
f 2917 2925 2933
f 2934 2937 2940 2939
f 2937 2938 2941 2940
f 2938 2950 2951 2941
f 2939 2940 2943 2942
f 2940 2941 2944 2943
f 2941 2951 2952 2944
f 2935 2945 2948 2947
f 2945 2946 2949 2948
f 2946 2958 2959 2949
f 2947 2948 2951 2950
f 2948 2949 2952 2951
f 2949 2959 2960 2952
f 2936 2953 2956 2955
f 2953 2954 2957 2956
f 2954 2942 2943 2957
f 2955 2956 2959 2958
f 2956 2957 2960 2959
f 2957 2943 2944 2960
f 2944 2952 2960
f 2961 2964 2967 2966
f 2964 2965 2968 2967
f 2965 2977 2978 2968
f 2966 2967 2970 2969
f 2967 2968 2971 2970
f 2968 2978 2979 2971
f 2962 2972 2975 2974
f 2972 2973 2976 2975
f 2973 2985 2986 2976
f 2974 2975 2978 2977
f 2975 2976 2979 2978
f 2976 2986 2987 2979
f 2963 2980 2983 2982
f 2980 2981 2984 2983
f 2981 2969 2970 2984
f 2982 2983 2986 2985
f 2983 2984 2987 2986
f 2984 2970 2971 2987
f 2971 2979 2987
f 2988 2991 2994 2993
f 2991 2992 2995 2994
f 2992 3004 3005 2995
f 2993 2994 2997 2996
f 2994 2995 2998 2997
f 2995 3005 3006 2998
f 2989 2999 3002 3001
f 2999 3000 3003 3002
f 3000 3012 3013 3003
f 3001 3002 3005 3004
f 3002 3003 3006 3005
f 3003 3013 3014 3006
f 2990 3007 3010 3009
f 3007 3008 3011 3010
f 3008 2996 2997 3011
f 3009 3010 3013 3012
f 3010 3011 3014 3013
f 3011 2997 2998 3014
f 2998 3006 3014
f 3039 3042 3045 3044
f 3042 3043 3046 3045
f 3043 3055 3056 3046
f 3044 3045 3048 3047
f 3045 3046 3049 3048
f 3046 3056 3057 3049
f 3040 3050 3053 3052
f 3050 3051 3054 3053
f 3051 3063 3064 3054
f 3052 3053 3056 3055
f 3053 3054 3057 3056
f 3054 3064 3065 3057
f 3041 3058 3061 3060
f 3058 3059 3062 3061
f 3059 3047 3048 3062
f 3060 3061 3064 3063
f 3061 3062 3065 3064
f 3062 3048 3049 3065
f 3049 3057 3065
f 3066 3069 3072 3071
f 3069 3070 3073 3072
f 3070 3082 3083 3073
f 3071 3072 3075 3074
f 3072 3073 3076 3075
f 3073 3083 3084 3076
f 3067 3077 3080 3079
f 3077 3078 3081 3080
f 3078 3090 3091 3081
f 3079 3080 3083 3082
f 3080 3081 3084 3083
f 3081 3091 3092 3084
f 3068 3085 3088 3087
f 3085 3086 3089 3088
f 3086 3074 3075 3089
f 3087 3088 3091 3090
f 3088 3089 3092 3091
f 3089 3075 3076 3092
f 3076 3084 3092
f 3093 3096 3099 3098
f 3096 3097 3100 3099
f 3097 3109 3110 3100
f 3098 3099 3102 3101
f 3099 3100 3103 3102
f 3100 3110 3111 3103
f 3094 3104 3107 3106
f 3104 3105 3108 3107
f 3105 3117 3118 3108
f 3106 3107 3110 3109
f 3107 3108 3111 3110
f 3108 3118 3119 3111
f 3095 3112 3115 3114
f 3112 3113 3116 3115
f 3113 3101 3102 3116
f 3114 3115 3118 3117
f 3115 3116 3119 3118
f 3116 3102 3103 3119
f 3103 3111 3119
f 3120 3123 3126 3125
f 3123 3124 3127 3126
f 3124 3136 3137 3127
f 3125 3126 3129 3128
f 3126 3127 3130 3129
f 3127 3137 3138 3130
f 3121 3131 3134 3133
f 3131 3132 3135 3134
f 3132 3144 3145 3135
f 3133 3134 3137 3136
f 3134 3135 3138 3137
f 3135 3145 3146 3138
f 3122 3139 3142 3141
f 3139 3140 3143 3142
f 3140 3128 3129 3143
f 3141 3142 3145 3144
f 3142 3143 3146 3145
f 3143 3129 3130 3146
f 3130 3138 3146
f 3147 3150 3153 3152
f 3150 3151 3154 3153
f 3151 3163 3164 3154
f 3152 3153 3156 3155
f 3153 3154 3157 3156
f 3154 3164 3165 3157
f 3148 3158 3161 3160
f 3158 3159 3162 3161
f 3159 3171 3172 3162
f 3160 3161 3164 3163
f 3161 3162 3165 3164
f 3162 3172 3173 3165
f 3149 3166 3169 3168
f 3166 3167 3170 3169
f 3167 3155 3156 3170
f 3168 3169 3172 3171
f 3169 3170 3173 3172
f 3170 3156 3157 3173
f 3157 3165 3173
f 3174 3177 3180 3179
f 3177 3178 3181 3180
f 3178 3190 3191 3181
f 3179 3180 3183 3182
f 3180 3181 3184 3183
f 3181 3191 3192 3184
f 3175 3185 3188 3187
f 3185 3186 3189 3188
f 3186 3198 3199 3189
f 3187 3188 3191 3190
f 3188 3189 3192 3191
f 3189 3199 3200 3192
f 3176 3193 3196 3195
f 3193 3194 3197 3196
f 3194 3182 3183 3197
f 3195 3196 3199 3198
f 3196 3197 3200 3199
f 3197 3183 3184 3200
f 3184 3192 3200
f 3201 3204 3207 3206
f 3204 3205 3208 3207
f 3205 3217 3218 3208
f 3206 3207 3210 3209
f 3207 3208 3211 3210
f 3208 3218 3219 3211
f 3202 3212 3215 3214
f 3212 3213 3216 3215
f 3213 3225 3226 3216
f 3214 3215 3218 3217
f 3215 3216 3219 3218
f 3216 3226 3227 3219
f 3203 3220 3223 3222
f 3220 3221 3224 3223
f 3221 3209 3210 3224
f 3222 3223 3226 3225
f 3223 3224 3227 3226
f 3224 3210 3211 3227
f 3211 3219 3227
f 3228 3231 3234 3233
f 3231 3232 3235 3234
f 3232 3244 3245 3235
f 3233 3234 3237 3236
f 3234 3235 3238 3237
f 3235 3245 3246 3238
f 3229 3239 3242 3241
f 3239 3240 3243 3242
f 3240 3252 3253 3243
f 3241 3242 3245 3244
f 3242 3243 3246 3245
f 3243 3253 3254 3246
f 3230 3247 3250 3249
f 3247 3248 3251 3250
f 3248 3236 3237 3251
f 3249 3250 3253 3252
f 3250 3251 3254 3253
f 3251 3237 3238 3254
f 3238 3246 3254
f 3279 3282 3285 3284
f 3282 3283 3286 3285
f 3283 3295 3296 3286
f 3284 3285 3288 3287
f 3285 3286 3289 3288
f 3286 3296 3297 3289
f 3280 3290 3293 3292
f 3290 3291 3294 3293
f 3291 3303 3304 3294
f 3292 3293 3296 3295
f 3293 3294 3297 3296
f 3294 3304 3305 3297
f 3281 3298 3301 3300
f 3298 3299 3302 3301
f 3299 3287 3288 3302
f 3300 3301 3304 3303
f 3301 3302 3305 3304
f 3302 3288 3289 3305
f 3289 3297 3305
f 3306 3309 3312 3311
f 3309 3310 3313 3312
f 3310 3322 3323 3313
f 3311 3312 3315 3314
f 3312 3313 3316 3315
f 3313 3323 3324 3316
f 3307 3317 3320 3319
f 3317 3318 3321 3320
f 3318 3330 3331 3321
f 3319 3320 3323 3322
f 3320 3321 3324 3323
f 3321 3331 3332 3324
f 3308 3325 3328 3327
f 3325 3326 3329 3328
f 3326 3314 3315 3329
f 3327 3328 3331 3330
f 3328 3329 3332 3331
f 3329 3315 3316 3332
f 3316 3324 3332
f 3333 3336 3339 3338
f 3336 3337 3340 3339
f 3337 3349 3350 3340
f 3338 3339 3342 3341
f 3339 3340 3343 3342
f 3340 3350 3351 3343
f 3334 3344 3347 3346
f 3344 3345 3348 3347
f 3345 3357 3358 3348
f 3346 3347 3350 3349
f 3347 3348 3351 3350
f 3348 3358 3359 3351
f 3335 3352 3355 3354
f 3352 3353 3356 3355
f 3353 3341 3342 3356
f 3354 3355 3358 3357
f 3355 3356 3359 3358
f 3356 3342 3343 3359
f 3343 3351 3359
f 3360 3363 3366 3365
f 3363 3364 3367 3366
f 3364 3376 3377 3367
f 3365 3366 3369 3368
f 3366 3367 3370 3369
f 3367 3377 3378 3370
f 3361 3371 3374 3373
f 3371 3372 3375 3374
f 3372 3384 3385 3375
f 3373 3374 3377 3376
f 3374 3375 3378 3377
f 3375 3385 3386 3378
f 3362 3379 3382 3381
f 3379 3380 3383 3382
f 3380 3368 3369 3383
f 3381 3382 3385 3384
f 3382 3383 3386 3385
f 3383 3369 3370 3386
f 3370 3378 3386
f 3387 3390 3393 3392
f 3390 3391 3394 3393
f 3391 3403 3404 3394
f 3392 3393 3396 3395
f 3393 3394 3397 3396
f 3394 3404 3405 3397
f 3388 3398 3401 3400
f 3398 3399 3402 3401
f 3399 3411 3412 3402
f 3400 3401 3404 3403
f 3401 3402 3405 3404
f 3402 3412 3413 3405
f 3389 3406 3409 3408
f 3406 3407 3410 3409
f 3407 3395 3396 3410
f 3408 3409 3412 3411
f 3409 3410 3413 3412
f 3410 3396 3397 3413
f 3397 3405 3413
f 3414 3417 3420 3419
f 3417 3418 3421 3420
f 3418 3430 3431 3421
f 3419 3420 3423 3422
f 3420 3421 3424 3423
f 3421 3431 3432 3424
f 3415 3425 3428 3427
f 3425 3426 3429 3428
f 3426 3438 3439 3429
f 3427 3428 3431 3430
f 3428 3429 3432 3431
f 3429 3439 3440 3432
f 3416 3433 3436 3435
f 3433 3434 3437 3436
f 3434 3422 3423 3437
f 3435 3436 3439 3438
f 3436 3437 3440 3439
f 3437 3423 3424 3440
f 3424 3432 3440
f 3441 3444 3447 3446
f 3444 3445 3448 3447
f 3445 3457 3458 3448
f 3446 3447 3450 3449
f 3447 3448 3451 3450
f 3448 3458 3459 3451
f 3442 3452 3455 3454
f 3452 3453 3456 3455
f 3453 3465 3466 3456
f 3454 3455 3458 3457
f 3455 3456 3459 3458
f 3456 3466 3467 3459
f 3443 3460 3463 3462
f 3460 3461 3464 3463
f 3461 3449 3450 3464
f 3462 3463 3466 3465
f 3463 3464 3467 3466
f 3464 3450 3451 3467
f 3451 3459 3467
f 3468 3471 3474 3473
f 3471 3472 3475 3474
f 3472 3484 3485 3475
f 3473 3474 3477 3476
f 3474 3475 3478 3477
f 3475 3485 3486 3478
f 3469 3479 3482 3481
f 3479 3480 3483 3482
f 3480 3492 3493 3483
f 3481 3482 3485 3484
f 3482 3483 3486 3485
f 3483 3493 3494 3486
f 3470 3487 3490 3489
f 3487 3488 3491 3490
f 3488 3476 3477 3491
f 3489 3490 3493 3492
f 3490 3491 3494 3493
f 3491 3477 3478 3494
f 3478 3486 3494
f 3519 3522 3525 3524
f 3522 3523 3526 3525
f 3523 3535 3536 3526
f 3524 3525 3528 3527
f 3525 3526 3529 3528
f 3526 3536 3537 3529
f 3520 3530 3533 3532
f 3530 3531 3534 3533
f 3531 3543 3544 3534
f 3532 3533 3536 3535
f 3533 3534 3537 3536
f 3534 3544 3545 3537
f 3521 3538 3541 3540
f 3538 3539 3542 3541
f 3539 3527 3528 3542
f 3540 3541 3544 3543
f 3541 3542 3545 3544
f 3542 3528 3529 3545
f 3529 3537 3545
f 3546 3549 3552 3551
f 3549 3550 3553 3552
f 3550 3562 3563 3553
f 3551 3552 3555 3554
f 3552 3553 3556 3555
f 3553 3563 3564 3556
f 3547 3557 3560 3559
f 3557 3558 3561 3560
f 3558 3570 3571 3561
f 3559 3560 3563 3562
f 3560 3561 3564 3563
f 3561 3571 3572 3564
f 3548 3565 3568 3567
f 3565 3566 3569 3568
f 3566 3554 3555 3569
f 3567 3568 3571 3570
f 3568 3569 3572 3571
f 3569 3555 3556 3572
f 3556 3564 3572
f 3573 3576 3579 3578
f 3576 3577 3580 3579
f 3577 3589 3590 3580
f 3578 3579 3582 3581
f 3579 3580 3583 3582
f 3580 3590 3591 3583
f 3574 3584 3587 3586
f 3584 3585 3588 3587
f 3585 3597 3598 3588
f 3586 3587 3590 3589
f 3587 3588 3591 3590
f 3588 3598 3599 3591
f 3575 3592 3595 3594
f 3592 3593 3596 3595
f 3593 3581 3582 3596
f 3594 3595 3598 3597
f 3595 3596 3599 3598
f 3596 3582 3583 3599
f 3583 3591 3599
f 3600 3603 3606 3605
f 3603 3604 3607 3606
f 3604 3616 3617 3607
f 3605 3606 3609 3608
f 3606 3607 3610 3609
f 3607 3617 3618 3610
f 3601 3611 3614 3613
f 3611 3612 3615 3614
f 3612 3624 3625 3615
f 3613 3614 3617 3616
f 3614 3615 3618 3617
f 3615 3625 3626 3618
f 3602 3619 3622 3621
f 3619 3620 3623 3622
f 3620 3608 3609 3623
f 3621 3622 3625 3624
f 3622 3623 3626 3625
f 3623 3609 3610 3626
f 3610 3618 3626
f 3627 3630 3633 3632
f 3630 3631 3634 3633
f 3631 3643 3644 3634
f 3632 3633 3636 3635
f 3633 3634 3637 3636
f 3634 3644 3645 3637
f 3628 3638 3641 3640
f 3638 3639 3642 3641
f 3639 3651 3652 3642
f 3640 3641 3644 3643
f 3641 3642 3645 3644
f 3642 3652 3653 3645
f 3629 3646 3649 3648
f 3646 3647 3650 3649
f 3647 3635 3636 3650
f 3648 3649 3652 3651
f 3649 3650 3653 3652
f 3650 3636 3637 3653
f 3637 3645 3653
f 3654 3657 3660 3659
f 3657 3658 3661 3660
f 3658 3670 3671 3661
f 3659 3660 3663 3662
f 3660 3661 3664 3663
f 3661 3671 3672 3664
f 3655 3665 3668 3667
f 3665 3666 3669 3668
f 3666 3678 3679 3669
f 3667 3668 3671 3670
f 3668 3669 3672 3671
f 3669 3679 3680 3672
f 3656 3673 3676 3675
f 3673 3674 3677 3676
f 3674 3662 3663 3677
f 3675 3676 3679 3678
f 3676 3677 3680 3679
f 3677 3663 3664 3680
f 3664 3672 3680
f 3681 3684 3687 3686
f 3684 3685 3688 3687
f 3685 3697 3698 3688
f 3686 3687 3690 3689
f 3687 3688 3691 3690
f 3688 3698 3699 3691
f 3682 3692 3695 3694
f 3692 3693 3696 3695
f 3693 3705 3706 3696
f 3694 3695 3698 3697
f 3695 3696 3699 3698
f 3696 3706 3707 3699
f 3683 3700 3703 3702
f 3700 3701 3704 3703
f 3701 3689 3690 3704
f 3702 3703 3706 3705
f 3703 3704 3707 3706
f 3704 3690 3691 3707
f 3691 3699 3707
f 3708 3711 3714 3713
f 3711 3712 3715 3714
f 3712 3724 3725 3715
f 3713 3714 3717 3716
f 3714 3715 3718 3717
f 3715 3725 3726 3718
f 3709 3719 3722 3721
f 3719 3720 3723 3722
f 3720 3732 3733 3723
f 3721 3722 3725 3724
f 3722 3723 3726 3725
f 3723 3733 3734 3726
f 3710 3727 3730 3729
f 3727 3728 3731 3730
f 3728 3716 3717 3731
f 3729 3730 3733 3732
f 3730 3731 3734 3733
f 3731 3717 3718 3734
f 3718 3726 3734
f 3759 3762 3765 3764
f 3762 3763 3766 3765
f 3763 3775 3776 3766
f 3764 3765 3768 3767
f 3765 3766 3769 3768
f 3766 3776 3777 3769
f 3760 3770 3773 3772
f 3770 3771 3774 3773
f 3771 3783 3784 3774
f 3772 3773 3776 3775
f 3773 3774 3777 3776
f 3774 3784 3785 3777
f 3761 3778 3781 3780
f 3778 3779 3782 3781
f 3779 3767 3768 3782
f 3780 3781 3784 3783
f 3781 3782 3785 3784
f 3782 3768 3769 3785
f 3769 3777 3785
f 3786 3789 3792 3791
f 3789 3790 3793 3792
f 3790 3802 3803 3793
f 3791 3792 3795 3794
f 3792 3793 3796 3795
f 3793 3803 3804 3796
f 3787 3797 3800 3799
f 3797 3798 3801 3800
f 3798 3810 3811 3801
f 3799 3800 3803 3802
f 3800 3801 3804 3803
f 3801 3811 3812 3804
f 3788 3805 3808 3807
f 3805 3806 3809 3808
f 3806 3794 3795 3809
f 3807 3808 3811 3810
f 3808 3809 3812 3811
f 3809 3795 3796 3812
f 3796 3804 3812
f 3813 3816 3819 3818
f 3816 3817 3820 3819
f 3817 3829 3830 3820
f 3818 3819 3822 3821
f 3819 3820 3823 3822
f 3820 3830 3831 3823
f 3814 3824 3827 3826
f 3824 3825 3828 3827
f 3825 3837 3838 3828
f 3826 3827 3830 3829
f 3827 3828 3831 3830
f 3828 3838 3839 3831
f 3815 3832 3835 3834
f 3832 3833 3836 3835
f 3833 3821 3822 3836
f 3834 3835 3838 3837
f 3835 3836 3839 3838
f 3836 3822 3823 3839
f 3823 3831 3839
f 3840 3843 3846 3845
f 3843 3844 3847 3846
f 3844 3856 3857 3847
f 3845 3846 3849 3848
f 3846 3847 3850 3849
f 3847 3857 3858 3850
f 3841 3851 3854 3853
f 3851 3852 3855 3854
f 3852 3864 3865 3855
f 3853 3854 3857 3856
f 3854 3855 3858 3857
f 3855 3865 3866 3858
f 3842 3859 3862 3861
f 3859 3860 3863 3862
f 3860 3848 3849 3863
f 3861 3862 3865 3864
f 3862 3863 3866 3865
f 3863 3849 3850 3866
f 3850 3858 3866
f 3867 3870 3873 3872
f 3870 3871 3874 3873
f 3871 3883 3884 3874
f 3872 3873 3876 3875
f 3873 3874 3877 3876
f 3874 3884 3885 3877
f 3868 3878 3881 3880
f 3878 3879 3882 3881
f 3879 3891 3892 3882
f 3880 3881 3884 3883
f 3881 3882 3885 3884
f 3882 3892 3893 3885
f 3869 3886 3889 3888
f 3886 3887 3890 3889
f 3887 3875 3876 3890
f 3888 3889 3892 3891
f 3889 3890 3893 3892
f 3890 3876 3877 3893
f 3877 3885 3893
f 3894 3897 3900 3899
f 3897 3898 3901 3900
f 3898 3910 3911 3901
f 3899 3900 3903 3902
f 3900 3901 3904 3903
f 3901 3911 3912 3904
f 3895 3905 3908 3907
f 3905 3906 3909 3908
f 3906 3918 3919 3909
f 3907 3908 3911 3910
f 3908 3909 3912 3911
f 3909 3919 3920 3912
f 3896 3913 3916 3915
f 3913 3914 3917 3916
f 3914 3902 3903 3917
f 3915 3916 3919 3918
f 3916 3917 3920 3919
f 3917 3903 3904 3920
f 3904 3912 3920
f 3921 3924 3927 3926
f 3924 3925 3928 3927
f 3925 3937 3938 3928
f 3926 3927 3930 3929
f 3927 3928 3931 3930
f 3928 3938 3939 3931
f 3922 3932 3935 3934
f 3932 3933 3936 3935
f 3933 3945 3946 3936
f 3934 3935 3938 3937
f 3935 3936 3939 3938
f 3936 3946 3947 3939
f 3923 3940 3943 3942
f 3940 3941 3944 3943
f 3941 3929 3930 3944
f 3942 3943 3946 3945
f 3943 3944 3947 3946
f 3944 3930 3931 3947
f 3931 3939 3947
f 3948 3951 3954 3953
f 3951 3952 3955 3954
f 3952 3964 3965 3955
f 3953 3954 3957 3956
f 3954 3955 3958 3957
f 3955 3965 3966 3958
f 3949 3959 3962 3961
f 3959 3960 3963 3962
f 3960 3972 3973 3963
f 3961 3962 3965 3964
f 3962 3963 3966 3965
f 3963 3973 3974 3966
f 3950 3967 3970 3969
f 3967 3968 3971 3970
f 3968 3956 3957 3971
f 3969 3970 3973 3972
f 3970 3971 3974 3973
f 3971 3957 3958 3974
f 3958 3966 3974
f 1653 1587 1589 1656
f 1656 1589 1590 1657
f 1657 1590 1591 1669
f 1669 1591 1592 1666
f 1666 1592 1588 1654
f 1594 1680 1685 1598
f 1598 1685 1688 1597
f 1597 1688 1700 1596
f 1596 1700 1699 1595
f 1595 1699 1682 1593
f 1681 1655 1674 1691
f 1691 1674 1677 1692
f 1692 1677 1665 1704
f 1704 1665 1664 1701
f 1701 1664 1654 1682
f 1599 1653 1658 1602
f 1602 1658 1661 1603
f 1603 1661 1673 1615
f 1615 1673 1672 1612
f 1612 1672 1655 1600
f 1680 1626 1631 1683
f 1683 1631 1634 1684
f 1684 1634 1646 1696
f 1696 1646 1645 1693
f 1693 1645 1628 1681
f 1627 1601 1620 1637
f 1637 1620 1623 1638
f 1638 1623 1611 1650
f 1650 1611 1610 1647
f 1647 1610 1600 1628
f 1576 1599 1604 1580
f 1580 1604 1607 1579
f 1579 1607 1619 1578
f 1578 1619 1618 1577
f 1577 1618 1601 1575
f 1626 1581 1583 1629
f 1629 1583 1584 1630
f 1630 1584 1585 1642
f 1642 1585 1586 1639
f 1639 1586 1582 1627
f 1707 1734 1739 1710
f 1710 1739 1742 1711
f 1711 1742 1754 1723
f 1723 1754 1753 1720
f 1720 1753 1736 1708
f 1735 1761 1766 1745
f 1745 1766 1769 1746
f 1746 1769 1781 1758
f 1758 1781 1780 1755
f 1755 1780 1763 1736
f 1762 1788 1793 1772
f 1772 1793 1796 1773
f 1773 1796 1808 1785
f 1785 1808 1807 1782
f 1782 1807 1790 1763
f 1789 1709 1728 1799
f 1799 1728 1731 1800
f 1800 1731 1719 1812
f 1812 1719 1718 1809
f 1809 1718 1708 1790
f 1593 1789 1801 1595
f 1595 1801 1804 1596
f 1596 1804 1792 1597
f 1597 1792 1791 1598
f 1598 1791 1788 1594
f 1761 1582 1586 1764
f 1764 1586 1585 1765
f 1765 1585 1584 1777
f 1777 1584 1583 1774
f 1774 1583 1581 1762
f 1575 1735 1747 1577
f 1577 1747 1750 1578
f 1578 1750 1738 1579
f 1579 1738 1737 1580
f 1580 1737 1734 1576
f 1709 1588 1592 1726
f 1726 1592 1591 1727
f 1727 1591 1590 1715
f 1715 1590 1589 1712
f 1712 1589 1587 1707
f 1893 1827 1829 1896
f 1896 1829 1830 1897
f 1897 1830 1831 1909
f 1909 1831 1832 1906
f 1906 1832 1828 1894
f 1834 1920 1925 1838
f 1838 1925 1928 1837
f 1837 1928 1940 1836
f 1836 1940 1939 1835
f 1835 1939 1922 1833
f 1921 1895 1914 1931
f 1931 1914 1917 1932
f 1932 1917 1905 1944
f 1944 1905 1904 1941
f 1941 1904 1894 1922
f 1839 1893 1898 1842
f 1842 1898 1901 1843
f 1843 1901 1913 1855
f 1855 1913 1912 1852
f 1852 1912 1895 1840
f 1920 1866 1871 1923
f 1923 1871 1874 1924
f 1924 1874 1886 1936
f 1936 1886 1885 1933
f 1933 1885 1868 1921
f 1867 1841 1860 1877
f 1877 1860 1863 1878
f 1878 1863 1851 1890
f 1890 1851 1850 1887
f 1887 1850 1840 1868
f 1816 1839 1844 1820
f 1820 1844 1847 1819
f 1819 1847 1859 1818
f 1818 1859 1858 1817
f 1817 1858 1841 1815
f 1866 1821 1823 1869
f 1869 1823 1824 1870
f 1870 1824 1825 1882
f 1882 1825 1826 1879
f 1879 1826 1822 1867
f 1947 1974 1979 1950
f 1950 1979 1982 1951
f 1951 1982 1994 1963
f 1963 1994 1993 1960
f 1960 1993 1976 1948
f 1975 2001 2006 1985
f 1985 2006 2009 1986
f 1986 2009 2021 1998
f 1998 2021 2020 1995
f 1995 2020 2003 1976
f 2002 2028 2033 2012
f 2012 2033 2036 2013
f 2013 2036 2048 2025
f 2025 2048 2047 2022
f 2022 2047 2030 2003
f 2029 1949 1968 2039
f 2039 1968 1971 2040
f 2040 1971 1959 2052
f 2052 1959 1958 2049
f 2049 1958 1948 2030
f 1833 2029 2041 1835
f 1835 2041 2044 1836
f 1836 2044 2032 1837
f 1837 2032 2031 1838
f 1838 2031 2028 1834
f 2001 1822 1826 2004
f 2004 1826 1825 2005
f 2005 1825 1824 2017
f 2017 1824 1823 2014
f 2014 1823 1821 2002
f 1815 1975 1987 1817
f 1817 1987 1990 1818
f 1818 1990 1978 1819
f 1819 1978 1977 1820
f 1820 1977 1974 1816
f 1949 1828 1832 1966
f 1966 1832 1831 1967
f 1967 1831 1830 1955
f 1955 1830 1829 1952
f 1952 1829 1827 1947
f 2133 2067 2069 2136
f 2136 2069 2070 2137
f 2137 2070 2071 2149
f 2149 2071 2072 2146
f 2146 2072 2068 2134
f 2074 2160 2165 2078
f 2078 2165 2168 2077
f 2077 2168 2180 2076
f 2076 2180 2179 2075
f 2075 2179 2162 2073
f 2161 2135 2154 2171
f 2171 2154 2157 2172
f 2172 2157 2145 2184
f 2184 2145 2144 2181
f 2181 2144 2134 2162
f 2079 2133 2138 2082
f 2082 2138 2141 2083
f 2083 2141 2153 2095
f 2095 2153 2152 2092
f 2092 2152 2135 2080
f 2160 2106 2111 2163
f 2163 2111 2114 2164
f 2164 2114 2126 2176
f 2176 2126 2125 2173
f 2173 2125 2108 2161
f 2107 2081 2100 2117
f 2117 2100 2103 2118
f 2118 2103 2091 2130
f 2130 2091 2090 2127
f 2127 2090 2080 2108
f 2056 2079 2084 2060
f 2060 2084 2087 2059
f 2059 2087 2099 2058
f 2058 2099 2098 2057
f 2057 2098 2081 2055
f 2106 2061 2063 2109
f 2109 2063 2064 2110
f 2110 2064 2065 2122
f 2122 2065 2066 2119
f 2119 2066 2062 2107
f 2187 2214 2219 2190
f 2190 2219 2222 2191
f 2191 2222 2234 2203
f 2203 2234 2233 2200
f 2200 2233 2216 2188
f 2215 2241 2246 2225
f 2225 2246 2249 2226
f 2226 2249 2261 2238
f 2238 2261 2260 2235
f 2235 2260 2243 2216
f 2242 2268 2273 2252
f 2252 2273 2276 2253
f 2253 2276 2288 2265
f 2265 2288 2287 2262
f 2262 2287 2270 2243
f 2269 2189 2208 2279
f 2279 2208 2211 2280
f 2280 2211 2199 2292
f 2292 2199 2198 2289
f 2289 2198 2188 2270
f 2073 2269 2281 2075
f 2075 2281 2284 2076
f 2076 2284 2272 2077
f 2077 2272 2271 2078
f 2078 2271 2268 2074
f 2241 2062 2066 2244
f 2244 2066 2065 2245
f 2245 2065 2064 2257
f 2257 2064 2063 2254
f 2254 2063 2061 2242
f 2055 2215 2227 2057
f 2057 2227 2230 2058
f 2058 2230 2218 2059
f 2059 2218 2217 2060
f 2060 2217 2214 2056
f 2189 2068 2072 2206
f 2206 2072 2071 2207
f 2207 2071 2070 2195
f 2195 2070 2069 2192
f 2192 2069 2067 2187
f 2373 2307 2309 2376
f 2376 2309 2310 2377
f 2377 2310 2311 2389
f 2389 2311 2312 2386
f 2386 2312 2308 2374
f 2314 2400 2405 2318
f 2318 2405 2408 2317
f 2317 2408 2420 2316
f 2316 2420 2419 2315
f 2315 2419 2402 2313
f 2401 2375 2394 2411
f 2411 2394 2397 2412
f 2412 2397 2385 2424
f 2424 2385 2384 2421
f 2421 2384 2374 2402
f 2319 2373 2378 2322
f 2322 2378 2381 2323
f 2323 2381 2393 2335
f 2335 2393 2392 2332
f 2332 2392 2375 2320
f 2400 2346 2351 2403
f 2403 2351 2354 2404
f 2404 2354 2366 2416
f 2416 2366 2365 2413
f 2413 2365 2348 2401
f 2347 2321 2340 2357
f 2357 2340 2343 2358
f 2358 2343 2331 2370
f 2370 2331 2330 2367
f 2367 2330 2320 2348
f 2296 2319 2324 2300
f 2300 2324 2327 2299
f 2299 2327 2339 2298
f 2298 2339 2338 2297
f 2297 2338 2321 2295
f 2346 2301 2303 2349
f 2349 2303 2304 2350
f 2350 2304 2305 2362
f 2362 2305 2306 2359
f 2359 2306 2302 2347
f 2427 2454 2459 2430
f 2430 2459 2462 2431
f 2431 2462 2474 2443
f 2443 2474 2473 2440
f 2440 2473 2456 2428
f 2455 2481 2486 2465
f 2465 2486 2489 2466
f 2466 2489 2501 2478
f 2478 2501 2500 2475
f 2475 2500 2483 2456
f 2482 2508 2513 2492
f 2492 2513 2516 2493
f 2493 2516 2528 2505
f 2505 2528 2527 2502
f 2502 2527 2510 2483
f 2509 2429 2448 2519
f 2519 2448 2451 2520
f 2520 2451 2439 2532
f 2532 2439 2438 2529
f 2529 2438 2428 2510
f 2313 2509 2521 2315
f 2315 2521 2524 2316
f 2316 2524 2512 2317
f 2317 2512 2511 2318
f 2318 2511 2508 2314
f 2481 2302 2306 2484
f 2484 2306 2305 2485
f 2485 2305 2304 2497
f 2497 2304 2303 2494
f 2494 2303 2301 2482
f 2295 2455 2467 2297
f 2297 2467 2470 2298
f 2298 2470 2458 2299
f 2299 2458 2457 2300
f 2300 2457 2454 2296
f 2429 2308 2312 2446
f 2446 2312 2311 2447
f 2447 2311 2310 2435
f 2435 2310 2309 2432
f 2432 2309 2307 2427
f 2613 2547 2549 2616
f 2616 2549 2550 2617
f 2617 2550 2551 2629
f 2629 2551 2552 2626
f 2626 2552 2548 2614
f 2554 2640 2645 2558
f 2558 2645 2648 2557
f 2557 2648 2660 2556
f 2556 2660 2659 2555
f 2555 2659 2642 2553
f 2641 2615 2634 2651
f 2651 2634 2637 2652
f 2652 2637 2625 2664
f 2664 2625 2624 2661
f 2661 2624 2614 2642
f 2559 2613 2618 2562
f 2562 2618 2621 2563
f 2563 2621 2633 2575
f 2575 2633 2632 2572
f 2572 2632 2615 2560
f 2640 2586 2591 2643
f 2643 2591 2594 2644
f 2644 2594 2606 2656
f 2656 2606 2605 2653
f 2653 2605 2588 2641
f 2587 2561 2580 2597
f 2597 2580 2583 2598
f 2598 2583 2571 2610
f 2610 2571 2570 2607
f 2607 2570 2560 2588
f 2536 2559 2564 2540
f 2540 2564 2567 2539
f 2539 2567 2579 2538
f 2538 2579 2578 2537
f 2537 2578 2561 2535
f 2586 2541 2543 2589
f 2589 2543 2544 2590
f 2590 2544 2545 2602
f 2602 2545 2546 2599
f 2599 2546 2542 2587
f 2667 2694 2699 2670
f 2670 2699 2702 2671
f 2671 2702 2714 2683
f 2683 2714 2713 2680
f 2680 2713 2696 2668
f 2695 2721 2726 2705
f 2705 2726 2729 2706
f 2706 2729 2741 2718
f 2718 2741 2740 2715
f 2715 2740 2723 2696
f 2722 2748 2753 2732
f 2732 2753 2756 2733
f 2733 2756 2768 2745
f 2745 2768 2767 2742
f 2742 2767 2750 2723
f 2749 2669 2688 2759
f 2759 2688 2691 2760
f 2760 2691 2679 2772
f 2772 2679 2678 2769
f 2769 2678 2668 2750
f 2553 2749 2761 2555
f 2555 2761 2764 2556
f 2556 2764 2752 2557
f 2557 2752 2751 2558
f 2558 2751 2748 2554
f 2721 2542 2546 2724
f 2724 2546 2545 2725
f 2725 2545 2544 2737
f 2737 2544 2543 2734
f 2734 2543 2541 2722
f 2535 2695 2707 2537
f 2537 2707 2710 2538
f 2538 2710 2698 2539
f 2539 2698 2697 2540
f 2540 2697 2694 2536
f 2669 2548 2552 2686
f 2686 2552 2551 2687
f 2687 2551 2550 2675
f 2675 2550 2549 2672
f 2672 2549 2547 2667
f 2853 2787 2789 2856
f 2856 2789 2790 2857
f 2857 2790 2791 2869
f 2869 2791 2792 2866
f 2866 2792 2788 2854
f 2794 2880 2885 2798
f 2798 2885 2888 2797
f 2797 2888 2900 2796
f 2796 2900 2899 2795
f 2795 2899 2882 2793
f 2881 2855 2874 2891
f 2891 2874 2877 2892
f 2892 2877 2865 2904
f 2904 2865 2864 2901
f 2901 2864 2854 2882
f 2799 2853 2858 2802
f 2802 2858 2861 2803
f 2803 2861 2873 2815
f 2815 2873 2872 2812
f 2812 2872 2855 2800
f 2880 2826 2831 2883
f 2883 2831 2834 2884
f 2884 2834 2846 2896
f 2896 2846 2845 2893
f 2893 2845 2828 2881
f 2827 2801 2820 2837
f 2837 2820 2823 2838
f 2838 2823 2811 2850
f 2850 2811 2810 2847
f 2847 2810 2800 2828
f 2776 2799 2804 2780
f 2780 2804 2807 2779
f 2779 2807 2819 2778
f 2778 2819 2818 2777
f 2777 2818 2801 2775
f 2826 2781 2783 2829
f 2829 2783 2784 2830
f 2830 2784 2785 2842
f 2842 2785 2786 2839
f 2839 2786 2782 2827
f 2907 2934 2939 2910
f 2910 2939 2942 2911
f 2911 2942 2954 2923
f 2923 2954 2953 2920
f 2920 2953 2936 2908
f 2935 2961 2966 2945
f 2945 2966 2969 2946
f 2946 2969 2981 2958
f 2958 2981 2980 2955
f 2955 2980 2963 2936
f 2962 2988 2993 2972
f 2972 2993 2996 2973
f 2973 2996 3008 2985
f 2985 3008 3007 2982
f 2982 3007 2990 2963
f 2989 2909 2928 2999
f 2999 2928 2931 3000
f 3000 2931 2919 3012
f 3012 2919 2918 3009
f 3009 2918 2908 2990
f 2793 2989 3001 2795
f 2795 3001 3004 2796
f 2796 3004 2992 2797
f 2797 2992 2991 2798
f 2798 2991 2988 2794
f 2961 2782 2786 2964
f 2964 2786 2785 2965
f 2965 2785 2784 2977
f 2977 2784 2783 2974
f 2974 2783 2781 2962
f 2775 2935 2947 2777
f 2777 2947 2950 2778
f 2778 2950 2938 2779
f 2779 2938 2937 2780
f 2780 2937 2934 2776
f 2909 2788 2792 2926
f 2926 2792 2791 2927
f 2927 2791 2790 2915
f 2915 2790 2789 2912
f 2912 2789 2787 2907
f 3093 3027 3029 3096
f 3096 3029 3030 3097
f 3097 3030 3031 3109
f 3109 3031 3032 3106
f 3106 3032 3028 3094
f 3034 3120 3125 3038
f 3038 3125 3128 3037
f 3037 3128 3140 3036
f 3036 3140 3139 3035
f 3035 3139 3122 3033
f 3121 3095 3114 3131
f 3131 3114 3117 3132
f 3132 3117 3105 3144
f 3144 3105 3104 3141
f 3141 3104 3094 3122
f 3039 3093 3098 3042
f 3042 3098 3101 3043
f 3043 3101 3113 3055
f 3055 3113 3112 3052
f 3052 3112 3095 3040
f 3120 3066 3071 3123
f 3123 3071 3074 3124
f 3124 3074 3086 3136
f 3136 3086 3085 3133
f 3133 3085 3068 3121
f 3067 3041 3060 3077
f 3077 3060 3063 3078
f 3078 3063 3051 3090
f 3090 3051 3050 3087
f 3087 3050 3040 3068
f 3016 3039 3044 3020
f 3020 3044 3047 3019
f 3019 3047 3059 3018
f 3018 3059 3058 3017
f 3017 3058 3041 3015
f 3066 3021 3023 3069
f 3069 3023 3024 3070
f 3070 3024 3025 3082
f 3082 3025 3026 3079
f 3079 3026 3022 3067
f 3147 3174 3179 3150
f 3150 3179 3182 3151
f 3151 3182 3194 3163
f 3163 3194 3193 3160
f 3160 3193 3176 3148
f 3175 3201 3206 3185
f 3185 3206 3209 3186
f 3186 3209 3221 3198
f 3198 3221 3220 3195
f 3195 3220 3203 3176
f 3202 3228 3233 3212
f 3212 3233 3236 3213
f 3213 3236 3248 3225
f 3225 3248 3247 3222
f 3222 3247 3230 3203
f 3229 3149 3168 3239
f 3239 3168 3171 3240
f 3240 3171 3159 3252
f 3252 3159 3158 3249
f 3249 3158 3148 3230
f 3033 3229 3241 3035
f 3035 3241 3244 3036
f 3036 3244 3232 3037
f 3037 3232 3231 3038
f 3038 3231 3228 3034
f 3201 3022 3026 3204
f 3204 3026 3025 3205
f 3205 3025 3024 3217
f 3217 3024 3023 3214
f 3214 3023 3021 3202
f 3015 3175 3187 3017
f 3017 3187 3190 3018
f 3018 3190 3178 3019
f 3019 3178 3177 3020
f 3020 3177 3174 3016
f 3149 3028 3032 3166
f 3166 3032 3031 3167
f 3167 3031 3030 3155
f 3155 3030 3029 3152
f 3152 3029 3027 3147
f 3333 3267 3269 3336
f 3336 3269 3270 3337
f 3337 3270 3271 3349
f 3349 3271 3272 3346
f 3346 3272 3268 3334
f 3274 3360 3365 3278
f 3278 3365 3368 3277
f 3277 3368 3380 3276
f 3276 3380 3379 3275
f 3275 3379 3362 3273
f 3361 3335 3354 3371
f 3371 3354 3357 3372
f 3372 3357 3345 3384
f 3384 3345 3344 3381
f 3381 3344 3334 3362
f 3279 3333 3338 3282
f 3282 3338 3341 3283
f 3283 3341 3353 3295
f 3295 3353 3352 3292
f 3292 3352 3335 3280
f 3360 3306 3311 3363
f 3363 3311 3314 3364
f 3364 3314 3326 3376
f 3376 3326 3325 3373
f 3373 3325 3308 3361
f 3307 3281 3300 3317
f 3317 3300 3303 3318
f 3318 3303 3291 3330
f 3330 3291 3290 3327
f 3327 3290 3280 3308
f 3256 3279 3284 3260
f 3260 3284 3287 3259
f 3259 3287 3299 3258
f 3258 3299 3298 3257
f 3257 3298 3281 3255
f 3306 3261 3263 3309
f 3309 3263 3264 3310
f 3310 3264 3265 3322
f 3322 3265 3266 3319
f 3319 3266 3262 3307
f 3387 3414 3419 3390
f 3390 3419 3422 3391
f 3391 3422 3434 3403
f 3403 3434 3433 3400
f 3400 3433 3416 3388
f 3415 3441 3446 3425
f 3425 3446 3449 3426
f 3426 3449 3461 3438
f 3438 3461 3460 3435
f 3435 3460 3443 3416
f 3442 3468 3473 3452
f 3452 3473 3476 3453
f 3453 3476 3488 3465
f 3465 3488 3487 3462
f 3462 3487 3470 3443
f 3469 3389 3408 3479
f 3479 3408 3411 3480
f 3480 3411 3399 3492
f 3492 3399 3398 3489
f 3489 3398 3388 3470
f 3273 3469 3481 3275
f 3275 3481 3484 3276
f 3276 3484 3472 3277
f 3277 3472 3471 3278
f 3278 3471 3468 3274
f 3441 3262 3266 3444
f 3444 3266 3265 3445
f 3445 3265 3264 3457
f 3457 3264 3263 3454
f 3454 3263 3261 3442
f 3255 3415 3427 3257
f 3257 3427 3430 3258
f 3258 3430 3418 3259
f 3259 3418 3417 3260
f 3260 3417 3414 3256
f 3389 3268 3272 3406
f 3406 3272 3271 3407
f 3407 3271 3270 3395
f 3395 3270 3269 3392
f 3392 3269 3267 3387
f 3573 3507 3509 3576
f 3576 3509 3510 3577
f 3577 3510 3511 3589
f 3589 3511 3512 3586
f 3586 3512 3508 3574
f 3514 3600 3605 3518
f 3518 3605 3608 3517
f 3517 3608 3620 3516
f 3516 3620 3619 3515
f 3515 3619 3602 3513
f 3601 3575 3594 3611
f 3611 3594 3597 3612
f 3612 3597 3585 3624
f 3624 3585 3584 3621
f 3621 3584 3574 3602
f 3519 3573 3578 3522
f 3522 3578 3581 3523
f 3523 3581 3593 3535
f 3535 3593 3592 3532
f 3532 3592 3575 3520
f 3600 3546 3551 3603
f 3603 3551 3554 3604
f 3604 3554 3566 3616
f 3616 3566 3565 3613
f 3613 3565 3548 3601
f 3547 3521 3540 3557
f 3557 3540 3543 3558
f 3558 3543 3531 3570
f 3570 3531 3530 3567
f 3567 3530 3520 3548
f 3496 3519 3524 3500
f 3500 3524 3527 3499
f 3499 3527 3539 3498
f 3498 3539 3538 3497
f 3497 3538 3521 3495
f 3546 3501 3503 3549
f 3549 3503 3504 3550
f 3550 3504 3505 3562
f 3562 3505 3506 3559
f 3559 3506 3502 3547
f 3627 3654 3659 3630
f 3630 3659 3662 3631
f 3631 3662 3674 3643
f 3643 3674 3673 3640
f 3640 3673 3656 3628
f 3655 3681 3686 3665
f 3665 3686 3689 3666
f 3666 3689 3701 3678
f 3678 3701 3700 3675
f 3675 3700 3683 3656
f 3682 3708 3713 3692
f 3692 3713 3716 3693
f 3693 3716 3728 3705
f 3705 3728 3727 3702
f 3702 3727 3710 3683
f 3709 3629 3648 3719
f 3719 3648 3651 3720
f 3720 3651 3639 3732
f 3732 3639 3638 3729
f 3729 3638 3628 3710
f 3513 3709 3721 3515
f 3515 3721 3724 3516
f 3516 3724 3712 3517
f 3517 3712 3711 3518
f 3518 3711 3708 3514
f 3681 3502 3506 3684
f 3684 3506 3505 3685
f 3685 3505 3504 3697
f 3697 3504 3503 3694
f 3694 3503 3501 3682
f 3495 3655 3667 3497
f 3497 3667 3670 3498
f 3498 3670 3658 3499
f 3499 3658 3657 3500
f 3500 3657 3654 3496
f 3629 3508 3512 3646
f 3646 3512 3511 3647
f 3647 3511 3510 3635
f 3635 3510 3509 3632
f 3632 3509 3507 3627
f 3813 3747 3749 3816
f 3816 3749 3750 3817
f 3817 3750 3751 3829
f 3829 3751 3752 3826
f 3826 3752 3748 3814
f 3754 3840 3845 3758
f 3758 3845 3848 3757
f 3757 3848 3860 3756
f 3756 3860 3859 3755
f 3755 3859 3842 3753
f 3841 3815 3834 3851
f 3851 3834 3837 3852
f 3852 3837 3825 3864
f 3864 3825 3824 3861
f 3861 3824 3814 3842
f 3759 3813 3818 3762
f 3762 3818 3821 3763
f 3763 3821 3833 3775
f 3775 3833 3832 3772
f 3772 3832 3815 3760
f 3840 3786 3791 3843
f 3843 3791 3794 3844
f 3844 3794 3806 3856
f 3856 3806 3805 3853
f 3853 3805 3788 3841
f 3787 3761 3780 3797
f 3797 3780 3783 3798
f 3798 3783 3771 3810
f 3810 3771 3770 3807
f 3807 3770 3760 3788
f 3736 3759 3764 3740
f 3740 3764 3767 3739
f 3739 3767 3779 3738
f 3738 3779 3778 3737
f 3737 3778 3761 3735
f 3786 3741 3743 3789
f 3789 3743 3744 3790
f 3790 3744 3745 3802
f 3802 3745 3746 3799
f 3799 3746 3742 3787
f 3867 3894 3899 3870
f 3870 3899 3902 3871
f 3871 3902 3914 3883
f 3883 3914 3913 3880
f 3880 3913 3896 3868
f 3895 3921 3926 3905
f 3905 3926 3929 3906
f 3906 3929 3941 3918
f 3918 3941 3940 3915
f 3915 3940 3923 3896
f 3922 3948 3953 3932
f 3932 3953 3956 3933
f 3933 3956 3968 3945
f 3945 3968 3967 3942
f 3942 3967 3950 3923
f 3949 3869 3888 3959
f 3959 3888 3891 3960
f 3960 3891 3879 3972
f 3972 3879 3878 3969
f 3969 3878 3868 3950
f 3753 3949 3961 3755
f 3755 3961 3964 3756
f 3756 3964 3952 3757
f 3757 3952 3951 3758
f 3758 3951 3948 3754
f 3921 3742 3746 3924
f 3924 3746 3745 3925
f 3925 3745 3744 3937
f 3937 3744 3743 3934
f 3934 3743 3741 3922
f 3735 3895 3907 3737
f 3737 3907 3910 3738
f 3738 3910 3898 3739
f 3739 3898 3897 3740
f 3740 3897 3894 3736
f 3869 3748 3752 3886
f 3886 3752 3751 3887
f 3887 3751 3750 3875
f 3875 3750 3749 3872
f 3872 3749 3747 3867
f 1587 1576 1734 1707

